date;polls_ecdemocratic;polls_ecrepublican;daily;beforevote;p50i1;Biden_range;p10i1;p90i1;Biden_result;p50i2;Trump_range;p10i2;p90i2;Trump_result;total;overpred;overpred2;Biden_predi;Trump_predi;errorBiden;errorTrump;totalerror;prederror;_merge;Biden_polls;Trump_polls
2020-11-03;0,544;0,456;2020-11-03;  0;51,89969; 7,683685;47,25313;54,93681;51,3;47,08062;31,526302;18,91205;50,43835;46,9; 98,98031;-1,0196915;0,00000000;52,42891;47,56070;1,12890553;0,6606995;1,789605;0,8948025;matched (3);54,4;45,6
2020-11-02;0,542;0,458;2020-11-02;  1;51,95057; 7,030133;47,71651;54,74665;51,3;47,00691;32,161098;18,29230;50,45340;46,9; 98,95748;-1,0425186;0,00000000;52,49216;47,49697;1,19216466;0,5969673;1,789132;0,8945660;matched (3);54,2;45,8
2020-11-01;0,539;0,461;2020-11-01;  2;51,94317; 7,016171;47,69914;54,71531;51,3;46,98363;32,317101;18,12880;50,44590;46,9; 98,92680;-1,0731964;0,00000000;52,50063;47,48786;1,20062566;0,5878578;1,788484;0,8942418;matched (3);53,9;46,1
2020-10-31;0,541;0,459;2020-10-31;  3;51,94317; 7,016171;47,69914;54,71531;51,3;46,98363;32,317101;18,12880;50,44590;46,9; 98,92680;-1,0731964;0,00000000;52,50063;47,48786;1,20062566;0,5878578;1,788484;0,8942418;matched (3);54,1;45,9
2020-10-30;0,542;0,458;2020-10-30;  4;51,90692; 7,071262;47,62946;54,70072;51,3;47,02137;31,888313;18,51525;50,40356;46,9; 98,92828;-1,0717163;0,00000000;52,46321;47,52531;1,16321492;0,6253067;1,788522;0,8942608;matched (3);54,2;45,8
2020-10-29;0,542;0,458;2020-10-29;  5;51,90692; 7,071262;47,62946;54,70072;51,3;47,00433;32,020435;18,38194;50,40237;46,9; 98,91125;-1,0887527;0,00000000;52,47206;47,51609;1,17205739;0,6160904;1,788148;0,8940739;matched (3);54,2;45,8
2020-10-28;0,544;0,456;2020-10-28;  6;51,90692; 7,071262;47,62946;54,70072;51,3;47,00433;32,020435;18,38194;50,40237;46,9; 98,91125;-1,0887527;0,00000000;52,47206;47,51609;1,17205739;0,6160904;1,788148;0,8940739;matched (3);54,4;45,6
2020-10-27;0,544;0,456;2020-10-27;  7;52,01429; 9,108047;47,81868;56,92673;51,3;47,05724;31,611921;18,80127;50,41319;46,9; 99,07153;-0,9284668;0,00000000;52,49722;47,49415;1,19722295;0,5941521;1,791375;0,8956875;matched (3);54,4;45,6
2020-10-26;0,545;0,455;2020-10-26;  8;52,00618; 7,655297;47,82417;55,47947;51,3;47,07206;31,524580;18,90104;50,42562;46,9; 99,07825;-0,9217529;0,00000000;52,48555;47,50595;1,18555379;0,6059510;1,791505;0,8957524;matched (3);54,5;45,5
2020-10-25;0,545;0,455;2020-10-25;  9;51,98385; 8,668551;47,52419;56,19274;51,3;47,05352;31,494526;18,87621;50,37073;46,9; 99,03738;-0,9626236;0,00000000;52,48426;47,50647;1,18426061;0,6064698;1,790730;0,8953652;matched (3);54,5;45,5
2020-10-24;0,541;0,459;2020-10-24; 10;51,74224; 8,187784;47,21849;55,40628;51,3;47,05352;31,494526;18,87621;50,37073;46,9; 98,79577;-1,2042313;0,00000000;52,36534;47,62016;1,06534123;0,7201554;1,785497;0,8927483;matched (3);54,1;45,9
2020-10-23;0,541;0,459;2020-10-23; 11;51,74224; 8,187784;47,21849;55,40628;51,3;47,05352;31,494526;18,87621;50,37073;46,9; 98,79577;-1,2042313;0,00000000;52,36534;47,62016;1,06534123;0,7201554;1,785497;0,8927483;matched (3);54,1;45,9
2020-10-22;0,542;0,458;2020-10-22; 12;51,74224; 8,187784;47,21849;55,40628;51,3;47,04443;31,607712;18,77195;50,37967;46,9; 98,78667;-1,2133255;0,00000000;52,37004;47,61523;1,07004476;0,7152306;1,785275;0,8926377;matched (3);54,2;45,8
2020-10-21;0,542;0,458;2020-10-21; 13;51,73298; 9,018281;47,13924;56,15752;51,3;47,04443;31,607712;18,77195;50,37967;46,9; 98,77740;-1,2225952;0,00000000;52,36546;47,61959;1,06545949;0,7195908;1,785050;0,8925251;matched (3);54,2;45,8
2020-10-20;0,544;0,456;2020-10-20; 14;51,71929;11,117942;47,00505;58,12299;51,3;47,04443;31,607712;18,77195;50,37967;46,9; 98,76372;-1,2362823;0,00000000;52,35869;47,62603;1,05868840;0,7260300;1,784718;0,8923592;matched (3);54,4;45,6
2020-10-19;0,544;0,456;2020-10-19; 15;51,90522;12,347151;46,99191;59,33906;51,3;47,03862;31,682896;18,70369;50,38658;46,9; 98,94384;-1,0561600;0,00000000;52,45342;47,53542;1,15342259;0,6354195;1,788842;0,8944210;matched (3);54,4;45,6
2020-10-18;0,542;0,458;2020-10-18; 16;51,86411;12,493744;46,80827;59,30202;51,3;47,34695;28,482670;22,01804;50,50071;46,9; 99,21105;-0,7889481;0,00000000;52,27329;47,72049;0,97328871;0,8204895;1,793778;0,8968891;matched (3);54,2;45,8
2020-10-17;0,543;0,457;2020-10-17; 17;51,86411;12,493744;46,80827;59,30202;51,3;47,34695;28,482670;22,01804;50,50071;46,9; 99,21105;-0,7889481;0,00000000;52,27329;47,72049;0,97328871;0,8204895;1,793778;0,8968891;matched (3);54,3;45,7
2020-10-16;0,541;0,459;2020-10-16; 18;51,86411;12,493744;46,80827;59,30202;51,3;47,34695;28,482670;22,01804;50,50071;46,9; 99,21105;-0,7889481;0,00000000;52,27329;47,72049;0,97328871;0,8204895;1,793778;0,8968891;matched (3);54,1;45,9
2020-10-15;0,544;0,456;2020-10-15; 19;51,81700;13,365240;46,55763;59,92288;51,3;47,34695;28,482670;22,01804;50,50071;46,9; 99,16395;-0,8360519;0,00000000;52,25022;47,74279;0,95021743;0,8427941;1,793011;0,8965057;matched (3);54,4;45,6
2020-10-14;0,542;0,458;2020-10-14; 20;51,81700;13,365240;46,55763;59,92288;51,3;47,35451;28,589596;21,94527;50,53487;46,9; 99,17151;-0,8284912;0,00000000;52,24630;47,74683;0,94629973;0,8468338;1,793133;0,8965667;matched (3);54,2;45,8
2020-10-13;0,541;0,459;2020-10-13; 21;51,80291;12,412316;46,62466;59,03698;51,3;47,34112;28,697273;21,79069;50,48796;46,9; 99,14404;-0,8559647;0,00000000;52,24633;47,74635;0,94632643;0,8463455;1,792672;0,8963360;matched (3);54,1;45,9
2020-10-12;0,542;0,458;2020-10-12; 22;51,81448;11,576651;46,74645;58,32310;51,3;47,30913;29,613707;20,95334;50,56705;46,9; 99,12360;-0,8763962;0,00000000;52,26857;47,72374;0,96857375;0,8237396;1,792313;0,8961567;matched (3);54,2;45,8
2020-10-11;0,543;0,457;2020-10-11; 23;51,63043; 8,941071;46,34721;55,28829;51,3;47,30124;29,786942;20,79298;50,57992;46,9; 98,93166;-1,0683365;0,00000000;52,18201;47,80658;0,88201064;0,9065758;1,788586;0,8942932;matched (3);54,3;45,7
2020-10-10;0,543;0,457;2020-10-10; 24;51,63043; 8,941071;46,34721;55,28829;51,3;47,30124;29,786942;20,79298;50,57992;46,9; 98,93166;-1,0683365;0,00000000;52,18201;47,80658;0,88201064;0,9065758;1,788586;0,8942932;matched (3);54,3;45,7
2020-10-09;0,544;0,456;2020-10-09; 25;51,60299; 9,135966;46,37061;55,50658;51,3;47,31135;29,764294;20,83463;50,59892;46,9; 98,91434;-1,0856628;0,00000000;52,16322;47,82499;0,86321944;0,9249932;1,788213;0,8941063;matched (3);54,4;45,6
2020-10-08;0,547;0,453;2020-10-08; 26;51,60299; 9,135966;46,37061;55,50658;51,3;47,31178;29,976902;20,66732;50,64422;46,9; 98,91476;-1,0852356;0,00000000;52,16300;47,82522;0,86299819;0,9252220;1,788220;0,8941101;matched (3);54,7;45,3
2020-10-07;0,544;0,456;2020-10-07; 27;51,38467; 8,574973;45,92549;54,50047;51,3;47,25910;31,180620;19,59467;50,77529;46,9; 98,64377;-1,3562317;0,00000000;52,08157;47,90004;0,78156585;1,0000397;1,781605;0,8908027;matched (3);54,4;45,6
2020-10-06;0,543;0,457;2020-10-06; 28;51,31172; 8,713208;45,81040;54,52361;51,3;47,21232;31,738173;19,06320;50,80137;46,9; 98,52403;-1,4759674;0,00000000;52,06906;47,90915;0,76906127;1,0091530;1,778214;0,8891071;matched (3);54,3;45,7
2020-10-05;0,542;0,458;2020-10-05; 29;51,28321; 9,059863;45,43396;54,49383;51,3;47,18091;31,680101;19,03914;50,71924;46,9; 98,46411;-1,5358887;0,00000000;52,07086;47,90555;0,77085799;1,0055519;1,776410;0,8882049;matched (3);54,2;45,8
2020-10-04;0,542;0,458;2020-10-04; 30;51,26479; 9,522900;45,05960;54,58250;51,3;47,19792;31,941313;18,93141;50,87272;46,9; 98,46271;-1,5372925;0,00000000;52,05288;47,92349;0,75287551;1,0234925;1,776368;0,8881840;matched (3);54,2;45,8
2020-10-03;0,540;0,460;2020-10-03; 31;51,32304;12,250051;42,66195;54,91200;51,3;47,26325;31,828529;19,20428;51,03281;46,9; 98,58629;-1,4137115;0,00000000;52,04860;47,93142;0,74859923;1,0314156;1,780015;0,8900074;matched (3);54,0;46,0
2020-10-02;0,538;0,462;2020-10-02; 32;51,43144;16,558578;41,73255;58,29113;51,3;47,36551;31,727064;19,49071;51,21778;46,9; 98,79695;-1,2030487;0,00000000;52,05019;47,93534;0,75018615;1,0353371;1,785523;0,8927616;matched (3);53,8;46,2
2020-10-01;0,543;0,457;2020-10-01; 33;51,16672;11,351871;42,17089;53,52276;51,3;47,76750;29,975393;21,66300;51,63839;46,9; 98,93422;-1,0657806;0,00000000;51,71204;48,27660;0,41204375;1,3765999;1,788644;0,8943218;matched (3);54,3;45,7
2020-09-30;0,541;0,459;2020-09-30; 34;51,10748;10,323349;43,18097;53,50431;51,3;47,76750;29,975393;21,66300;51,63839;46,9; 98,87498;-1,1250153;0,00000000;51,68245;48,30489;0,38244551;1,4048935;1,787339;0,8936695;matched (3);54,1;45,9
2020-09-29;0,539;0,461;2020-09-29; 35;51,06378;13,146034;40,33208;53,47811;51,3;47,77966;29,998287;21,73669;51,73498;46,9; 98,84344;-1,1565552;0,00000000;51,65437;48,33226;0,35436553;1,4322602;1,786626;0,8933128;matched (3);53,9;46,1
2020-09-28;0,541;0,459;2020-09-28; 36;51,02612;13,061989;40,39681;53,45879;51,3;47,76437;30,251217;21,48789;51,73910;46,9; 98,79048;-1,2095184;0,00000000;51,64329;48,34208;0,34329146;1,4420830;1,785374;0,8926872;matched (3);54,1;45,9
2020-09-27;0,540;0,460;2020-09-27; 37;51,02968;12,989903;40,47113;53,46103;51,3;47,94278;26,078112;25,70820;51,78631;46,9; 98,97247;-1,0275345;0,00000000;51,55403;48,43541;0,25402755;1,5354134;1,789441;0,8947204;matched (3);54,0;46,0
2020-09-26;0,539;0,461;2020-09-26; 38;50,96232;14,155284;39,29118;53,44647;51,3;48,00368;24,370996;27,49793;51,86893;46,9; 98,96600;-1,0340042;0,00000000;51,48927;48,50004;0,18926926;1,6000382;1,789307;0,8946537;matched (3);53,9;46,1
2020-09-25;0,539;0,461;2020-09-25; 39;50,79282;18,200550;35,19775;53,39830;51,3;47,83340;27,967348;23,83958;51,80693;46,9; 98,62622;-1,3737793;0,00000000;51,49060;48,49052;0,19060059;1,5905243;1,781125;0,8905625;matched (3);53,9;46,1
2020-09-24;0,538;0,462;2020-09-24; 40;50,82016;17,426529;35,97892;53,40545;51,3;47,92790;25,915182;25,90192;51,81710;46,9; 98,74807;-1,2519302;0,00000000;51,45640;48,52793;0,15639801;1,6279274;1,784325;0,8921627;matched (3);53,8;46,2
2020-09-23;0,540;0,460;2020-09-23; 41;50,65625;18,147982;35,23512;53,38310;51,3;47,46663;32,261543;19,31022;51,57177;46,9; 98,12288;-1,8771210;0,00000000;51,60713;48,35764;0,30712813;1,4576355;1,764764;0,8823818;matched (3);54,0;46,0
2020-09-22;0,537;0,463;2020-09-22; 42;50,67605;16,533466;36,86640;53,39987;51,3;47,78343;29,099361;22,45395;51,55331;46,9; 98,45948;-1,5405197;0,00000000;51,45672;48,51955;0,15672226;1,6195465;1,776269;0,8881344;matched (3);53,7;46,3
2020-09-21;0,537;0,463;2020-09-21; 43;50,59588;16,911455;36,47815;53,38961;51,3;47,77892;30,512527;21,16814;51,68066;46,9; 98,37480;-1,6251984;0,00000000;51,41817;48,55542;0,11816712;1,6554199;1,773587;0,8867936;matched (3);53,7;46,3
2020-09-20;0,539;0,461;2020-09-20; 44;50,53437;15,826513;37,56861;53,39512;51,3;47,57044;31,864359;19,70602;51,57038;46,9; 98,10480;-1,8951950;0,00000000;51,49209;48,47200;0,19209214;1,5719963;1,764089;0,8820443;matched (3);53,9;46,1
2020-09-19;0,540;0,460;2020-09-19; 45;50,53437;15,826513;37,56861;53,39512;51,3;47,57044;31,864359;19,70602;51,57038;46,9; 98,10480;-1,8951950;0,00000000;51,49209;48,47200;0,19209214;1,5719963;1,764089;0,8820443;matched (3);54,0;46,0
2020-09-18;0,539;0,461;2020-09-18; 46;50,67822;16,212421;37,19442;53,40684;51,3;47,57044;31,864359;19,70602;51,57038;46,9; 98,24866;-1,7513428;0,00000000;51,56577;48,40356;0,26576918;1,5035645;1,769334;0,8846668;matched (3);53,9;46,1
2020-09-17;0,540;0,460;2020-09-17; 47;50,98604;14,531592;38,92266;53,45425;51,3;46,95968;32,324501;18,12410;50,44860;46,9; 97,94572;-2,0542755;0,00000000;52,03344;47,92437;0,73343581;1,0243660;1,757802;0,8789009;matched (3);54,0;46,0
2020-09-16;0,541;0,459;2020-09-16; 48;50,97218;14,938384;38,50710;53,44548;51,3;46,95968;32,324501;18,12410;50,44860;46,9; 97,93186;-2,0681381;0,00000000;52,02636;47,93087;0,72635573;1,0308739;1,757230;0,8786148;matched (3);54,1;45,9
2020-09-15;0,539;0,461;2020-09-15; 49;50,97926;13,866339;39,58637;53,45271;51,3;46,95390;32,477230;18,01056;50,48779;46,9; 97,93317;-2,0668335;0,00000000;52,03292;47,92436;0,73292083;1,0243622;1,757283;0,8786415;matched (3);53,9;46,1
2020-09-14;0,540;0,460;2020-09-14; 50;50,97926;13,866339;39,58637;53,45271;51,3;46,95390;32,477230;18,01056;50,48779;46,9; 97,93317;-2,0668335;0,00000000;52,03292;47,92436;0,73292083;1,0243622;1,757283;0,8786415;matched (3);54,0;46,0
2020-09-13;0,539;0,461;2020-09-13; 51;51,03374;10,626038;42,85982;53,48586;51,3;47,47182;27,239382;23,54300;50,78238;46,9; 98,50556;-1,4944382;0,00000000;51,79641;48,18126;0,49640578;1,2812592;1,777665;0,8888324;matched (3);53,9;46,1
2020-09-12;0,538;0,462;2020-09-12; 52;50,76444;14,469735;38,89194;53,36168;51,3;47,28849;27,632269;22,68265;50,31492;46,9; 98,05293;-1,9470749;0,00000000;51,75286;48,20923;0,45286101;1,3092285;1,762089;0,8810447;matched (3);53,8;46,2
2020-09-11;0,539;0,461;2020-09-11; 53;50,76804;15,244587;38,11374;53,35833;51,3;47,26397;27,470118;22,73798;50,20810;46,9; 98,03202;-1,9679794;0,00000000;51,76715;48,19412;0,46714705;1,2941185;1,761266;0,8806328;matched (3);53,9;46,1
2020-09-10;0,539;0,461;2020-09-10; 54;50,71545;14,546116;38,80132;53,34743;51,3;47,28012;27,075706;23,12070;50,19640;46,9; 97,99557;-2,0044327;0,00000000;51,73201;48,22781;0,43200988;1,3278137;1,759824;0,8799118;matched (3);53,9;46,1
2020-09-09;0,541;0,459;2020-09-09; 55;50,71167;15,137977;38,20631;53,34429;51,3;47,27614;27,219198;22,98747;50,20667;46,9; 97,98781;-2,0121918;0,00000000;51,73208;48,22743;0,43208236;1,3274285;1,759511;0,8797554;matched (3);54,1;45,9
2020-09-08;0,540;0,460;2020-09-08; 56;50,64546;15,479806;37,82650;53,30631;51,3;47,26540;27,629141;22,61359;50,24273;46,9; 97,91087;-2,0891342;0,00000000;51,70351;48,25284;0,40351409;1,3528420;1,756356;0,8781780;matched (3);54,0;46,0
2020-09-07;0,540;0,460;2020-09-07; 57;50,64546;15,479806;37,82650;53,30631;51,3;47,11973;29,669130;20,49970;50,16883;46,9; 97,76520;-2,2348022;0,00000000;51,77729;48,17277;0,47729033;1,2727677;1,750058;0,8750290;matched (3);54,0;46,0
2020-09-06;0,543;0,457;2020-09-06; 58;50,75874;13,469855;39,86892;53,33877;51,3;47,09859;29,914392;20,24471;50,15911;46,9; 97,85733;-2,1426697;0,00000000;51,84633;48,10776;0,54632872;1,2077576;1,754086;0,8770431;matched (3);54,3;45,7
2020-09-05;0,542;0,458;2020-09-05; 59;50,74973;12,499498;40,58707;53,08657;51,3;47,24792;27,912603;22,32081;50,23341;46,9; 97,99765;-2,0023499;0,00000000;51,76592;48,19399;0,46592253;1,2939888;1,759911;0,8799556;matched (3);54,2;45,8
2020-09-04;0,541;0,459;2020-09-04; 60;50,74973;12,499498;40,58707;53,08657;51,3;47,24792;27,912603;22,32081;50,23341;46,9; 97,99765;-2,0023499;0,00000000;51,76592;48,19399;0,46592253;1,2939888;1,759911;0,8799556;matched (3);54,1;45,9
2020-09-03;0,543;0,457;2020-09-03; 61;50,68624;10,714315;42,36200;53,07632;51,3;47,24792;27,912603;22,32081;50,23341;46,9; 97,93416;-2,0658417;0,00000000;51,73334;48,22399;0,43334121;1,3239876;1,757329;0,8786644;matched (3);54,3;45,7
2020-09-02;0,543;0,457;2020-09-02; 62;50,64167;12,843660;40,21591;53,05957;51,3;47,34878;25,246611;25,04693;50,29354;46,9; 97,99045;-2,0095520;0,00000000;51,65934;48,30028;0,35933989;1,4002815;1,759621;0,8798107;matched (3);54,3;45,7
2020-09-01;0,542;0,458;2020-09-01; 63;50,67388;11,213336;41,84571;53,05905;51,3;47,56534;19,958632;30,44237;50,40101;46,9; 98,23922;-1,7607803;0,00000000;51,56614;48,40286;0,26613539;1,5028588;1,768994;0,8844970;matched (3);54,2;45,8
2020-08-31;0,543;0,457;2020-08-31; 64;50,59614; 9,977184;43,04951;53,02670;51,3;47,47863;23,472885;26,95430;50,42719;46,9; 98,07477;-1,9252319;0,00000000;51,57023;48,39270;0,27023238;1,4927040;1,762936;0,8814682;matched (3);54,3;45,7
2020-08-30;0,542;0,458;2020-08-30; 65;50,59502;10,888492;42,39994;53,28843;51,3;47,38584;24,917784;25,39471;50,31249;46,9; 97,98086;-2,0191422;0,00000000;51,61661;48,34262;0,31660765;1,4426247;1,759232;0,8796161;matched (3);54,2;45,8
2020-08-29;0,544;0,456;2020-08-29; 66;50,63588;11,038761;42,31446;53,35322;51,3;46,92687;31,506386;18,60629;50,11268;46,9; 97,56275;-2,4372482;0,00000000;51,87000;48,07059;0,57000273;1,1705948;1,740597;0,8702987;matched (3);54,4;45,6
2020-08-28;0,547;0,453;2020-08-28; 67;50,64083;10,312282;42,99114;53,30342;51,3;46,92687;31,506386;18,60629;50,11268;46,9; 97,56770;-2,4323044;0,00000000;51,87257;48,06828;0,57256621;1,1682755;1,740842;0,8704208;matched (3);54,7;45,3
2020-08-27;0,547;0,453;2020-08-27; 68;50,64083;10,312282;42,99114;53,30342;51,3;46,95042;31,311861;18,81181;50,12367;46,9; 97,59125;-2,4087524;0,00000000;51,86064;48,08134;0,56063765;1,1813370;1,741975;0,8709873;matched (3);54,7;45,3
2020-08-26;0,548;0,452;2020-08-26; 69;50,68901;10,227815;43,39688;53,62469;51,3;46,73532;32,798561;17,22513;50,02369;46,9; 97,42433;-2,5756683;0,00000000;51,99459;47,93906;0,69459456;1,0390640;1,733659;0,8668293;matched (3);54,8;45,2
2020-08-25;0,550;0,450;2020-08-25; 70;50,80626; 9,981781;43,97351;53,95529;51,3;46,88059;31,861069;18,22935;50,09042;46,9; 97,68686;-2,3131409;0,00000000;51,98148;47,96501;0,68148345;1,0650078;1,746491;0,8732456;matched (3);55,0;45,0
2020-08-24;0,549;0,451;2020-08-24; 71;52,13353;33,610306;46,11671;79,72702;51,3;46,88059;31,861069;18,22935;50,09042;46,9; 99,01412;-0,9858780;0,00000000;52,64750;47,34278;1,34750295;0,4427772;1,790280;0,8951401;matched (3);54,9;45,1
2020-08-23;0,547;0,453;2020-08-23; 72;51,25507; 9,264042;44,87619;54,14024;51,3;46,99631;30,246742;19,67788;49,92462;46,9; 98,25138;-1,7486191;0,00000000;52,15133;47,81810;0,85132521;0,9181000;1,769425;0,8847126;matched (3);54,7;45,3
2020-08-22;0,546;0,454;2020-08-22; 73;51,25507; 9,264042;44,87619;54,14024;51,3;46,99631;30,246742;19,67788;49,92462;46,9; 98,25138;-1,7486191;0,00000000;52,15133;47,81810;0,85132521;0,9181000;1,769425;0,8847126;matched (3);54,6;45,4
2020-08-21;0,545;0,455;2020-08-21; 74;51,25507; 9,264042;44,87619;54,14024;51,3;46,99341;30,297543;19,63249;49,93003;46,9; 98,24848;-1,7515182;0,00000000;52,15281;47,81651;0,85281295;0,9165131;1,769326;0,8846630;matched (3);54,5;45,5
2020-08-20;0,544;0,456;2020-08-20; 75;51,25507; 9,264042;44,87619;54,14024;51,3;46,99341;30,297543;19,63249;49,93003;46,9; 98,24848;-1,7515182;0,00000000;52,15281;47,81651;0,85281295;0,9165131;1,769326;0,8846630;matched (3);54,4;45,6
2020-08-19;0,544;0,456;2020-08-19; 76;51,25507; 9,264042;44,87619;54,14024;51,3;46,99341;30,297543;19,63249;49,93003;46,9; 98,24848;-1,7515182;0,00000000;52,15281;47,81651;0,85281295;0,9165131;1,769326;0,8846630;matched (3);54,4;45,6
2020-08-18;0,543;0,457;2020-08-18; 77;51,32726; 7,955292;46,24529;54,20059;51,3;46,99341;30,297543;19,63249;49,93003;46,9; 98,32067;-1,6793289;0,00000000;52,18921;47,78259;0,88921279;0,8825890;1,771802;0,8859009;matched (3);54,3;45,7
2020-08-17;0,544;0,456;2020-08-17; 78;51,32726; 7,955292;46,24529;54,20059;51,3;46,99341;30,297543;19,63249;49,93003;46,9; 98,32067;-1,6793289;0,00000000;52,18921;47,78259;0,88921279;0,8825890;1,771802;0,8859009;matched (3);54,4;45,6
2020-08-16;0,544;0,456;2020-08-16; 79;51,32726; 7,955292;46,24529;54,20059;51,3;46,99485;30,280392;19,64967;49,93006;46,9; 98,32211;-1,6778870;0,00000000;52,18847;47,78337;0,88847274;0,8833748;1,771847;0,8859237;matched (3);54,4;45,6
2020-08-15;0,547;0,453;2020-08-15; 80;51,32726; 7,955292;46,24529;54,20059;51,3;46,99485;30,280392;19,64967;49,93006;46,9; 98,32211;-1,6778870;0,00000000;52,18847;47,78337;0,88847274;0,8833748;1,771847;0,8859237;matched (3);54,7;45,3
2020-08-14;0,548;0,452;2020-08-14; 81;51,32726; 7,955292;46,24529;54,20059;51,3;46,99485;30,280392;19,64967;49,93006;46,9; 98,32211;-1,6778870;0,00000000;52,18847;47,78337;0,88847274;0,8833748;1,771847;0,8859237;matched (3);54,8;45,2
2020-08-13;0,544;0,456;2020-08-13; 82;51,32726; 7,955292;46,24529;54,20059;51,3;46,99485;30,280392;19,64967;49,93006;46,9; 98,32211;-1,6778870;0,00000000;52,18847;47,78337;0,88847274;0,8833748;1,771847;0,8859237;matched (3);54,4;45,6
2020-08-12;0,548;0,452;2020-08-12; 83;51,32726; 7,955292;46,24529;54,20059;51,3;46,99485;30,280392;19,64967;49,93006;46,9; 98,32211;-1,6778870;0,00000000;52,18847;47,78337;0,88847274;0,8833748;1,771847;0,8859237;matched (3);54,8;45,2
2020-08-11;0,548;0,452;2020-08-11; 84;51,34305; 8,021782;46,26564;54,28742;51,3;47,01179;30,103615;19,83585;49,93946;46,9; 98,35484;-1,6451645;0,00000000;52,18773;47,78521;0,88772506;0,8852097;1,772935;0,8864673;matched (3);54,8;45,2
2020-08-10;0,548;0,452;2020-08-10; 85;51,34305; 8,021782;46,26564;54,28742;51,3;47,01179;30,103615;19,83585;49,93946;46,9; 98,35484;-1,6451645;0,00000000;52,18773;47,78521;0,88772506;0,8852097;1,772935;0,8864673;matched (3);54,8;45,2
2020-08-09;0,549;0,451;2020-08-09; 86;51,34305; 8,021782;46,26564;54,28742;51,3;47,01179;30,103615;19,83585;49,93946;46,9; 98,35484;-1,6451645;0,00000000;52,18773;47,78521;0,88772506;0,8852097;1,772935;0,8864673;matched (3);54,9;45,1
2020-08-08;0,553;0,447;2020-08-08; 87;51,34305; 8,021782;46,26564;54,28742;51,3;47,01179;30,103615;19,83585;49,93946;46,9; 98,35484;-1,6451645;0,00000000;52,18773;47,78521;0,88772506;0,8852097;1,772935;0,8864673;matched (3);55,3;44,7
2020-08-07;0,550;0,450;2020-08-07; 88;51,34305; 8,021782;46,26564;54,28742;51,3;47,01179;30,103615;19,83585;49,93946;46,9; 98,35484;-1,6451645;0,00000000;52,18773;47,78521;0,88772506;0,8852097;1,772935;0,8864673;matched (3);55,0;45,0
2020-08-06;0,549;0,451;2020-08-06; 89;51,35598; 7,980706;46,29866;54,27936;51,3;47,01179;30,103615;19,83585;49,93946;46,9; 98,36776;-1,6322403;0,00000000;52,19423;47,77913;0,89422911;0,8791329;1,773362;0,8866810;matched (3);54,9;45,1
2020-08-05;0,548;0,452;2020-08-05; 90;51,36233; 7,875746;46,41106;54,28681;51,3;47,84977; 5,100284;45,39549;50,49578;46,9; 99,21210;-0,7879028;0,00000000;51,76701;48,22678;0,46701354;1,3267800;1,793793;0,8968967;matched (3);54,8;45,2
2020-08-04;0,548;0,452;2020-08-04; 91;51,36233; 7,875746;46,41106;54,28681;51,3;47,84977; 5,100284;45,39549;50,49578;46,9; 99,21210;-0,7879028;0,00000000;51,76701;48,22678;0,46701354;1,3267800;1,793793;0,8968967;matched (3);54,8;45,2
2020-08-03;0,547;0,453;2020-08-03; 92;52,25653;30,321098;47,32872;77,64982;51,3;47,84977; 5,100284;45,39549;50,49578;46,9;100,10631; 0,1063080;0,05315399;52,20104;47,79896;0,90103835;0,8989617;1,800000;0,9000000;matched (3);54,7;45,3
2020-08-02;0,548;0,452;2020-08-02; 93;51,35402; 7,791097;46,41128;54,20237;51,3;47,08449;29,339621;20,66219;50,00181;46,9; 98,43851;-1,5614929;0,00000000;52,15591;47,81971;0,85590667;0,9197136;1,775620;0,8878101;matched (3);54,8;45,2
2020-08-01;0,547;0,453;2020-08-01; 94;51,35094; 7,741324;46,41467;54,15600;51,3;47,08449;29,339621;20,66219;50,00181;46,9; 98,43543;-1,5645676;0,00000000;52,15436;47,82116;0,85435790;0,9211594;1,775517;0,8877586;matched (3);54,7;45,3
2020-07-31;0,548;0,452;2020-07-31; 95;51,35094; 7,741324;46,41467;54,15600;51,3;47,08449;29,339621;20,66219;50,00181;46,9; 98,43543;-1,5645676;0,00000000;52,15436;47,82116;0,85435790;0,9211594;1,775517;0,8877586;matched (3);54,8;45,2
2020-07-30;0,549;0,451;2020-07-30; 96;51,35094; 7,741324;46,41467;54,15600;51,3;47,20599;27,562021;22,50548;50,06750;46,9; 98,55692;-1,4430771;0,00000000;52,09197;47,88721;0,79197234;0,9872071;1,779179;0,8895897;matched (3);54,9;45,1
2020-07-29;0,547;0,453;2020-07-29; 97;51,38975; 7,869771;46,46727;54,33704;51,3;47,20599;27,562021;22,50548;50,06750;46,9; 98,59573;-1,4042664;0,00000000;52,11140;47,86889;0,81139678;0,9688851;1,780282;0,8901409;matched (3);54,7;45,3
2020-07-28;0,546;0,454;2020-07-28; 98;51,20156; 7,644533;46,14259;53,78712;51,3;47,06431;29,588795;20,40210;49,99090;46,9; 98,26588;-1,7341232;0,00000000;52,08946;47,88046;0,78946227;0,9804627;1,769925;0,8849624;matched (3);54,6;45,4
2020-07-27;0,545;0,455;2020-07-27; 99;51,39306; 8,486685;46,35535;54,84203;51,3;47,06431;29,588795;20,40210;49,99090;46,9; 98,45737;-1,5426254;0,00000000;52,18586;47,79034;0,88586348;0,8903366;1,776200;0,8881000;matched (3);54,5;45,5
2020-07-26;0,547;0,453;2020-07-26;100;51,37719; 8,411319;46,33894;54,75026;51,3;47,06431;29,588795;20,40210;49,99090;46,9; 98,44150;-1,5585022;0,00000000;52,17790;47,79781;0,87790221;0,8978096;1,775712;0,8878559;matched (3);54,7;45,3
2020-07-25;0,546;0,454;2020-07-25;101;51,37719; 8,411319;46,33894;54,75026;51,3;47,06431;29,588795;20,40210;49,99090;46,9; 98,44150;-1,5585022;0,00000000;52,17790;47,79781;0,87790221;0,8978096;1,775712;0,8878559;matched (3);54,6;45,4
2020-07-24;0,548;0,452;2020-07-24;102;51,36012; 8,335603;46,31834;54,65395;51,3;47,12103;28,775312;21,24672;50,02203;46,9; 98,48115;-1,5188522;0,00000000;52,14021;47,83673;0,84020537;0,9367310;1,776936;0,8884681;matched (3);54,8;45,2
2020-07-23;0,549;0,451;2020-07-23;103;51,53800;12,976738;46,51210;59,48884;51,3;47,84678; 5,188684;45,33741;50,52610;46,9; 99,38478;-0,6152191;0,00000000;51,85507;48,14114;0,55507201;1,2411400;1,796212;0,8981060;matched (3);54,9;45,1
2020-07-22;0,548;0,452;2020-07-22;104;51,31882; 8,036177;46,29252;54,32870;51,3;47,84678; 5,188684;45,33741;50,52610;46,9; 99,16560;-0,8344040;0,00000000;51,74703;48,24601;0,44702834;1,3460099;1,793038;0,8965191;matched (3);54,8;45,2
2020-07-21;0,550;0,450;2020-07-21;105;51,33233; 7,993279;46,32887;54,32215;51,3;47,84678; 5,188684;45,33741;50,52610;46,9; 99,17911;-0,8208923;0,00000000;51,75372;48,23955;0,45371550;1,3395478;1,793263;0,8966316;matched (3);55,0;45,0
2020-07-20;0,547;0,453;2020-07-20;106;51,78114;20,040867;46,66102;66,70189;51,3;47,84678; 5,188684;45,33741;50,52610;46,9; 99,62791;-0,3720856;0,00000000;51,97381;48,02481;0,67380828;1,1248070;1,798615;0,8993076;matched (3);54,7;45,3
2020-07-19;0,552;0,448;2020-07-19;107;51,42323;12,778882;46,33572;59,11460;51,3;47,20599;27,562021;22,50548;50,06750;46,9; 98,62922;-1,3707809;0,00000000;52,12813;47,85308;0,82812804;0,9530770;1,781205;0,8906025;matched (3);55,2;44,8
2020-07-18;0,553;0,447;2020-07-18;108;51,30895; 7,949240;46,29088;54,24012;51,3;47,00813;30,224155;19,73901;49,96316;46,9; 98,31709;-1,6829147;0,00000000;52,17244;47,79924;0,87243956;0,8992363;1,771676;0,8858379;matched (3);55,3;44,7
2020-07-17;0,553;0,447;2020-07-17;109;51,19281; 7,930964;46,18474;54,11570;51,3;46,87088;31,336296;18,56111;49,89740;46,9; 98,06370;-1,9363022;0,00000000;52,18406;47,77845;0,88405913;0,8784462;1,762505;0,8812526;matched (3);55,3;44,7
2020-07-16;0,552;0,448;2020-07-16;110;51,19281; 7,930964;46,18474;54,11570;51,3;46,87088;31,336296;18,56111;49,89740;46,9; 98,06370;-1,9363022;0,00000000;52,18406;47,77845;0,88405913;0,8784462;1,762505;0,8812526;matched (3);55,2;44,8
2020-07-15;0,554;0,446;2020-07-15;111;51,06090; 8,196168;46,04366;54,23983;51,3;47,08126;29,382729;20,61727;50,00000;46,9; 98,14216;-1,8578415;0,00000000;52,00953;47,95595;0,70952529;1,0559517;1,765477;0,8827385;matched (3);55,4;44,6
2020-07-14;0,550;0,450;2020-07-14;112;51,09044; 7,748250;46,16759;53,91584;51,3;47,08126;29,382729;20,61727;50,00000;46,9; 98,17170;-1,8283005;0,00000000;52,02453;47,94204;0,72453231;1,0420433;1,766576;0,8832878;matched (3);55,0;45,0
2020-07-13;0,545;0,455;2020-07-13;113;51,10438; 7,074963;46,60891;53,68387;51,3;47,14212;28,547165;21,48504;50,03221;46,9; 98,24650;-1,7535019;0,00000000;52,00049;47,96876;0,70049208;1,0687615;1,769253;0,8846267;matched (3);54,5;45,5
2020-07-12;0,547;0,453;2020-07-12;114;51,06024; 7,924905;45,72371;53,64862;51,3;47,18423;28,227390;21,95808;50,18547;46,9; 98,24448;-1,7555237;0,00000000;51,95662;48,01256;0,65661544;1,1125618;1,769177;0,8845886;matched (3);54,7;45,3
2020-07-11;0,548;0,452;2020-07-11;115;51,13175; 8,104175;45,59153;53,69571;51,3;47,17668;28,383123;21,81272;50,19584;46,9; 98,30843;-1,6915665;0,00000000;51,99668;47,97471;0,69668120;1,0747086;1,771390;0,8856949;matched (3);54,8;45,2
2020-07-10;0,550;0,450;2020-07-10;116;51,13246; 8,278778;45,43978;53,71856;51,3;47,17721;28,364567;21,82685;50,19141;46,9; 98,30967;-1,6903305;0,00000000;51,99677;47,97466;0,69677275;1,0746590;1,771432;0,8857158;matched (3);55,0;45,0
2020-07-09;0,547;0,453;2020-07-09;117;51,04630; 8,458348;45,25788;53,71622;51,3;47,18076;28,400877;21,81490;50,21578;46,9; 98,22707;-1,7729340;0,00000000;51,95132;48,01725;0,65131682;1,1172501;1,768567;0,8842834;matched (3);54,7;45,3
2020-07-08;0,546;0,454;2020-07-08;118;51,04526; 8,477670;45,23805;53,71572;51,3;47,20688;28,044165;22,19814;50,24230;46,9; 98,25214;-1,7478638;0,00000000;51,93746;48,03199;0,63745803;1,1319939;1,769452;0,8847259;matched (3);54,6;45,4
2020-07-07;0,549;0,451;2020-07-07;119;51,06484; 8,207791;45,52320;53,73099;51,3;47,20864;28,017815;22,22646;50,24427;46,9; 98,27348;-1,7265167;0,00000000;51,94649;48,02371;0,64648741;1,1237084;1,770196;0,8850979;matched (3);54,9;45,1
2020-07-06;0,547;0,453;2020-07-06;120;51,06484; 8,207791;45,52320;53,73099;51,3;47,20864;28,017815;22,22646;50,24427;46,9; 98,27348;-1,7265167;0,00000000;51,94649;48,02371;0,64648741;1,1237084;1,770196;0,8850979;matched (3);54,7;45,3
2020-07-05;0,547;0,453;2020-07-05;121;50,98727; 8,336326;45,39249;53,72882;51,3;47,20864;28,017815;22,22646;50,24427;46,9; 98,19592;-1,8040848;0,00000000;51,90712;48,06033;0,60712355;1,1603256;1,767449;0,8837246;matched (3);54,7;45,3
2020-07-04;0,547;0,453;2020-07-04;122;50,98127; 8,282238;45,45150;53,73374;51,3;47,22749;27,782404;22,48624;50,26864;46,9; 98,20876;-1,7912369;0,00000000;51,89446;48,07345;0,59446257;1,1734482;1,767911;0,8839554;matched (3);54,7;45,3
2020-07-03;0,550;0,450;2020-07-03;123;50,96236; 8,310819;45,42216;53,73298;51,3;47,22718;27,719345;22,51752;50,23686;46,9; 98,18954;-1,8104553;0,00000000;51,88501;48,08221;0,58501357;1,1822067;1,767220;0,8836101;matched (3);55,0;45,0
2020-07-02;0,549;0,451;2020-07-02;124;50,96236; 8,310819;45,42216;53,73298;51,3;47,22718;27,719345;22,51752;50,23686;46,9; 98,18954;-1,8104553;0,00000000;51,88501;48,08221;0,58501357;1,1822067;1,767220;0,8836101;matched (3);54,9;45,1
2020-07-01;0,548;0,452;2020-07-01;125;50,95262; 8,327641;45,40576;53,73340;51,3;47,22718;27,719345;22,51752;50,23686;46,9; 98,17980;-1,8201981;0,00000000;51,88006;48,08681;0,58005828;1,1868111;1,766869;0,8834347;matched (3);54,8;45,2
2020-06-30;0,548;0,452;2020-06-30;126;51,05061; 8,455484;45,42980;53,88529;51,3;47,25417;27,691948;22,63282;50,32477;46,9; 98,30479;-1,6952133;0,00000000;51,91603;48,05523;0,61602706;1,1552330;1,771260;0,8856300;matched (3);54,8;45,2
2020-06-29;0,549;0,451;2020-06-29;127;51,42499; 9,024020;45,19329;54,21731;51,3;47,23566;28,315317;22,06797;50,38329;46,9; 98,66065;-1,3393478;0,00000000;52,11375;47,86831;0,81374663;0,9683129;1,782059;0,8910297;matched (3);54,9;45,1
2020-06-28;0,546;0,454;2020-06-28;128;51,42489; 9,123882;45,10960;54,23348;51,3;47,20993;29,114908;21,36315;50,47806;46,9; 98,63483;-1,3651733;0,00000000;52,12693;47,85443;0,82693022;0,9544312;1,781361;0,8906807;matched (3);54,6;45,4
2020-06-27;0,548;0,452;2020-06-27;129;51,35766; 9,022875;45,18018;54,20306;51,3;47,20993;29,114908;21,36315;50,47806;46,9; 98,56759;-1,4324112;0,00000000;52,09331;47,88617;0,79331130;0,9861733;1,779485;0,8897423;matched (3);54,8;45,2
2020-06-26;0,549;0,451;2020-06-26;130;51,35210; 9,141819;45,05731;54,19913;51,3;47,20993;29,114908;21,36315;50,47806;46,9; 98,56203;-1,4379654;0,00000000;52,09053;47,88880;0,79052657;0,9887978;1,779324;0,8896621;matched (3);54,9;45,1
2020-06-25;0,550;0,450;2020-06-25;131;51,25858; 8,858111;44,95855;53,81667;51,3;47,20993;29,114908;21,36315;50,47806;46,9; 98,46851;-1,5314865;0,00000000;52,04360;47,93295;0,74359816;1,0329491;1,776547;0,8882736;matched (3);55,0;45,0
2020-06-24;0,546;0,454;2020-06-24;132;51,02032; 8,447443;45,18480;53,63224;51,3;47,19305;29,590578;20,95158;50,54216;46,9; 98,21336;-1,7866364;0,00000000;51,93187;48,03621;0,63186568;1,1362129;1,768079;0,8840393;matched (3);54,6;45,4
2020-06-23;0,547;0,453;2020-06-23;133;50,93543; 8,339966;45,25321;53,59317;51,3;47,19305;29,590578;20,95158;50,54216;46,9; 98,12848;-1,8715210;0,00000000;51,88870;48,07627;0,58869857;1,1762749;1,764973;0,8824867;matched (3);54,7;45,3
2020-06-22;0,547;0,453;2020-06-22;134;50,93543; 8,339966;45,25321;53,59317;51,3;47,19305;29,590578;20,95158;50,54216;46,9; 98,12848;-1,8715210;0,00000000;51,88870;48,07627;0,58869857;1,1762749;1,764973;0,8824867;matched (3);54,7;45,3
2020-06-21;0,550;0,450;2020-06-21;135;50,90390; 8,467710;45,13354;53,60125;51,3;47,17659;30,000452;20,59488;50,59533;46,9; 98,08049;-1,9195099;0,00000000;51,88100;48,08215;0,58100432;1,1821495;1,763154;0,8815769;matched (3);55,0;45,0
2020-06-20;0,553;0,447;2020-06-20;136;50,98406; 8,576192;45,05989;53,63608;51,3;47,20066;30,158678;20,61559;50,77427;46,9; 98,18472;-1,8152847;0,00000000;51,90956;48,05749;0,60956496;1,1574875;1,767052;0,8835262;matched (3);55,3;44,7
2020-06-19;0,550;0,450;2020-06-19;137;50,93679; 9,130341;44,50019;53,63053;51,3;47,20066;30,158678;20,61559;50,77427;46,9; 98,13744;-1,8625565;0,00000000;51,88551;48,07980;0,58551329;1,1797997;1,765313;0,8826565;matched (3);55,0;45,0
2020-06-18;0,550;0,450;2020-06-18;138;50,89616;12,458286;41,45181;53,91010;51,3;47,23657;30,183907;20,79181;50,97571;46,9; 98,13274;-1,8672638;0,00000000;51,84653;48,11860;0,54653090;1,2186028;1,765134;0,8825668;matched (3);55,0;45,0
2020-06-17;0,552;0,448;2020-06-17;139;51,07758;12,857132;41,28391;54,14104;51,3;47,27187;30,172832;20,94930;51,12213;46,9; 98,34946;-1,6505432;0,00000000;51,92064;48,05212;0,62063903;1,1521164;1,772755;0,8863777;matched (3);55,2;44,8
2020-06-16;0,551;0,449;2020-06-16;140;51,04773;12,885121;41,10086;53,98598;51,3;47,27187;30,172832;20,94930;51,12213;46,9; 98,31960;-1,6803970;0,00000000;51,90553;48,06623;0,60553282;1,1662308;1,771764;0,8858818;matched (3);55,1;44,9
2020-06-15;0,549;0,451;2020-06-15;141;51,15038;12,344482;41,99622;54,34070;51,3;47,27187;30,172832;20,94930;51,12213;46,9; 98,42226;-1,5777435;0,00000000;51,95740;48,01770;0,65740126;1,1177040;1,775105;0,8875526;matched (3);54,9;45,1
2020-06-14;0,548;0,452;2020-06-14;142;50,98794;12,569761;41,16252;53,73228;51,3;47,34232;29,178267;21,95014;51,12841;46,9; 98,33025;-1,6697464;0,00000000;51,83931;48,13282;0,53930968;1,2328163;1,772126;0,8860630;matched (3);54,8;45,2
2020-06-13;0,546;0,454;2020-06-13;143;51,01157;12,947247;40,79204;53,73929;51,3;47,34232;29,178267;21,95014;51,12841;46,9; 98,35388;-1,6461182;0,00000000;51,85128;48,12163;0,55128020;1,2216278;1,772908;0,8864540;matched (3);54,6;45,4
2020-06-12;0,549;0,451;2020-06-12;144;51,02698;13,394469;40,35276;53,74723;51,3;47,34232;29,178267;21,95014;51,12841;46,9; 98,36930;-1,6306992;0,00000000;51,85908;48,11433;0,55908126;1,2143303;1,773412;0,8867058;matched (3);54,9;45,1
2020-06-11;0,547;0,453;2020-06-11;145;51,03650;12,260721;41,45360;53,71432;51,3;47,36471;28,158644;22,81604;50,97468;46,9; 98,40121;-1,5987930;0,00000000;51,85246;48,12197;0,55246276;1,2219750;1,774438;0,8872188;matched (3);54,7;45,3
2020-06-10;0,545;0,455;2020-06-10;146;50,80974;11,607081;42,04761;53,65469;51,3;47,35636;28,574894;22,46363;51,03853;46,9; 98,16611;-1,8338928;0,00000000;51,74154;48,22483;0,44153517;1,3248268;1,766362;0,8831810;matched (3);54,5;45,5
2020-06-09;0,545;0,455;2020-06-09;147;50,60858;11,319352;42,25190;53,57125;51,3;47,24276;30,350231;20,68185;51,03208;46,9; 97,85133;-2,1486664;0,00000000;51,69599;48,25785;0,39598769;1,3578469;1,753834;0,8769172;matched (3);54,5;45,5
2020-06-08;0,543;0,457;2020-06-08;148;50,64045;12,419024;41,36726;53,78628;51,3;47,28308;28,200628;22,48023;50,68086;46,9; 97,92352;-2,0764771;0,00000000;51,69198;48,26490;0,39198226;1,3649002;1,756882;0,8784412;matched (3);54,3;45,7
2020-06-07;0,538;0,462;2020-06-07;149;50,35908;10,679760;42,69859;53,37835;51,3;47,48975;23,234167;27,36464;50,59881;46,9; 97,84883;-2,1511688;0,00000000;51,44239;48,51133;0,14239044;1,6113335;1,753724;0,8768620;matched (3);53,8;46,2
2020-06-06;0,538;0,462;2020-06-06;150;50,48290; 8,077773;45,35735;53,43513;51,3;47,40501;25,397423;25,16372;50,56114;46,9; 97,88791;-2,1120911;0,00000000;51,54914;48,40624;0,24914475;1,5062424;1,755387;0,8776936;matched (3);53,8;46,2
2020-06-05;0,538;0,462;2020-06-05;151;50,62043; 8,426170;45,16780;53,59397;51,3;47,39059;26,637711;24,21993;50,85764;46,9; 98,01102;-1,9889755;0,00000000;51,62726;48,33318;0,32725829;1,4331795;1,760438;0,8802189;matched (3);53,8;46,2
2020-06-04;0,539;0,461;2020-06-04;152;50,35087; 9,183220;44,25831;53,44153;51,3;47,21566;29,699450;21,06141;50,76086;46,9; 97,56653;-2,4334717;0,00000000;51,57614;48,36464;0,27614135;1,4646431;1,740784;0,8703922;matched (3);53,9;46,1
2020-06-03;0,540;0,460;2020-06-03;153;49,88637;13,514477;39,89059;53,40507;51,3;47,18772;29,788469;20,89000;50,67847;46,9; 97,07408;-2,9259186;0,00000000;51,34600;48,56839;0,04600067;1,6683937;1,714394;0,8571972;matched (3);54,0;46,0
2020-06-02;0,539;0,461;2020-06-02;154;50,05065;10,882320;42,34692;53,22924;51,3;47,15337;29,654156;20,71510;50,36926;46,9; 97,20401;-2,7959900;0,00000000;51,45006;48,47177;0,15005799;1,5717713;1,721829;0,8609146;matched (3);53,9;46,1
2020-06-01;0,542;0,458;2020-06-01;155;50,10289;11,626806;41,69822;53,32502;51,3;47,18258;29,740709;20,95578;50,69649;46,9; 97,28547;-2,7145309;0,00000000;51,46295;48,46336;0,16295166;1,5633599;1,726312;0,8631558;matched (3);54,2;45,8
2020-05-31;0,538;0,462;2020-05-31;156;49,62174;14,405834;38,97300;53,37884;51,3;47,17619;29,874321;20,88913;50,76345;46,9; 96,79794;-3,2020645;0,00000000;51,21066;48,68680;0,08933716;1,7868019;1,876139;0,9380695;matched (3);53,8;46,2
2020-05-30;0,535;0,465;2020-05-30;157;49,39261;17,684793;35,67365;53,35844;51,3;47,18875;29,827805;21,03740;50,86521;46,9; 96,58137;-3,4186325;0,00000000;51,08117;48,80196;0,21883468;1,9019638;2,120799;1,0603993;matched (3);53,5;46,5
2020-05-29;0,536;0,464;2020-05-29;158;49,00728;17,799734;35,57281;53,37255;51,3;47,41294;26,219742;25,30587;51,52562;46,9; 96,42022;-3,5797806;0,00000000;50,76163;49,11022;0,53837281;2,2102218;2,748595;1,3742973;matched (3);53,6;46,4
2020-05-28;0,534;0,466;2020-05-28;159;49,28409;18,888180;34,80024;53,68842;51,3;47,37843;29,876974;22,14571;52,02268;46,9; 96,66251;-3,3374863;0,00000000;50,92894;48,95967;0,37106019;2,0596747;2,430735;1,2153674;matched (3);53,4;46,6
2020-05-27;0,535;0,465;2020-05-27;160;49,43068;18,281565;35,48213;53,76369;51,3;47,37843;29,876974;22,14571;52,02268;46,9; 96,80910;-3,1908951;0,00000000;51,00796;48,89022;0,29203874;1,9902245;2,282263;1,1411316;matched (3);53,5;46,5
2020-05-26;0,537;0,463;2020-05-26;161;49,43068;18,281565;35,48213;53,76369;51,3;47,41764;29,502897;22,62500;52,12790;46,9; 96,84832;-3,1516800;0,00000000;50,98857;48,91209;0,31142503;2,0120940;2,323519;1,1617595;matched (3);53,7;46,3
2020-05-25;0,536;0,464;2020-05-25;162;49,41645;19,674248;34,12611;53,80036;51,3;47,44762;29,510006;22,75513;52,26513;46,9; 96,86407;-3,1359253;0,00000000;50,96611;48,93554;0,33388597;2,0355430;2,369429;1,1847144;matched (3);53,6;46,4
2020-05-24;0,534;0,466;2020-05-24;163;49,35594;19,927320;33,88275;53,81007;51,3;47,44487;29,482933;22,73303;52,21597;46,9; 96,80081;-3,1991882;0,00000000;50,93493;48,96272;0,36507493;2,0627189;2,427794;1,2138969;matched (3);53,4;46,6
2020-05-23;0,536;0,464;2020-05-23;164;49,36014;19,925777;33,90730;53,83308;51,3;47,44365;29,468967;22,72464;52,19361;46,9; 96,80379;-3,1962128;0,00000000;50,93779;48,96005;0,36221009;2,0600524;2,422262;1,2111312;matched (3);53,6;46,4
2020-05-22;0,536;0,464;2020-05-22;165;49,36014;19,925777;33,90730;53,83308;51,3;47,43147;29,434719;22,64813;52,08285;46,9; 96,79161;-3,2083893;0,00000000;50,94380;48,95326;0,35619813;2,0532584;2,409456;1,2047282;matched (3);53,6;46,4
2020-05-21;0,539;0,461;2020-05-21;166;49,35927;19,899168;33,78633;53,68550;51,3;47,40996;29,270086;22,47966;51,74974;46,9; 96,76923;-3,2307739;0,00000000;50,95395;48,94167;0,34604722;2,0416656;2,387713;1,1938564;matched (3);53,9;46,1
2020-05-20;0,535;0,465;2020-05-20;167;49,19603;19,685343;33,86130;53,54664;51,3;47,39656;29,167374;22,36702;51,53439;46,9; 96,59259;-3,4074097;0,00000000;50,87234;49,01155;0,42765886;2,1115508;2,539210;1,2696048;matched (3);53,5;46,5
2020-05-19;0,536;0,464;2020-05-19;168;49,22079;18,977211;34,58573;53,56295;51,3;47,39656;29,167374;22,36702;51,53439;46,9; 96,61735;-3,3826523;0,00000000;50,88576;48,99982;0,41423875;2,0998168;2,514055;1,2570277;matched (3);53,6;46,4
2020-05-18;0,538;0,462;2020-05-18;169;49,26779;19,804228;33,75795;53,56218;51,3;47,39656;29,167374;22,36702;51,53439;46,9; 96,66434;-3,3356552;0,00000000;50,91119;48,97754;0,38880998;2,0775428;2,466353;1,2331764;matched (3);53,8;46,2
2020-05-17;0,536;0,464;2020-05-17;170;49,28058;20,637932;32,95072;53,58865;51,3;47,40537;29,186293;22,39260;51,57889;46,9; 96,68596;-3,3140411;0,00000000;50,91376;48,97641;0,38623887;2,0764060;2,462645;1,2313224;matched (3);53,6;46,4
2020-05-16;0,535;0,465;2020-05-16;171;49,37866;20,931980;32,72364;53,65562;51,3;47,31998;30,210701;21,29600;51,50670;46,9; 96,69865;-3,3013535;0,00000000;51,00883;48,88218;0,29117280;1,9821831;2,273356;1,1366780;matched (3);53,5;46,5
2020-05-15;0,537;0,463;2020-05-15;172;49,48690;19,475426;34,01284;53,48827;51,3;47,27466;30,252188;21,10760;51,35979;46,9; 96,76156;-3,2384415;0,00000000;51,08950;48,80562;0,21049957;1,9056221;2,116122;1,0580609;matched (3);53,7;46,3
2020-05-14;0,534;0,466;2020-05-14;173;49,43595;21,036802;32,41574;53,45254;51,3;47,27466;30,252188;21,10760;51,35979;46,9; 96,71062;-3,2893829;0,00000000;51,06209;48,82970;0,23790817;1,9297043;2,167613;1,0838063;matched (3);53,4;46,6
2020-05-13;0,534;0,466;2020-05-13;174;49,43595;21,036802;32,41574;53,45254;51,3;47,27466;30,252188;21,10760;51,35979;46,9; 96,71062;-3,2893829;0,00000000;51,06209;48,82970;0,23790817;1,9297043;2,167613;1,0838063;matched (3);53,4;46,6
2020-05-12;0,533;0,467;2020-05-12;175;49,44133;21,338503;32,10535;53,44385;51,3;47,27169;30,247496;21,06011;51,30761;46,9; 96,71301;-3,2869873;0,00000000;51,06646;48,82550;0,23354034;1,9255005;2,159041;1,0795205;matched (3);53,3;46,7
2020-05-11;0,535;0,465;2020-05-11;176;49,46502;20,988935;32,42585;53,41479;51,3;47,30658;29,556637;21,74550;51,30214;46,9; 96,77159;-3,2284088;0,00000000;51,06195;48,83382;0,23804931;1,9338242;2,171874;1,0859368;matched (3);53,5;46,5
2020-05-10;0,533;0,467;2020-05-10;177;49,51920;20,377115;33,05228;53,42939;51,3;47,30658;29,556637;21,74550;51,30214;46,9; 96,82578;-3,1742249;0,00000000;51,09105;48,80819;0,20894699;1,9081932;2,117140;1,0585701;matched (3);53,3;46,7
2020-05-09;0,534;0,466;2020-05-09;178;49,60140;20,750957;32,67065;53,42161;51,3;47,30658;29,556637;21,74550;51,30214;46,9; 96,90797;-3,0920258;0,00000000;51,13509;48,76931;0,16491394;1,8693062;2,034220;1,0171101;matched (3);53,4;46,6
2020-05-08;0,532;0,468;2020-05-08;179;49,47965;20,571526;32,81656;53,38808;51,3;47,27958;30,201353;21,14779;51,34914;46,9; 96,75923;-3,2407684;0,00000000;51,08317;48,81180;0,21682815;1,9118019;2,128630;1,0643151;matched (3);53,2;46,8
2020-05-07;0,532;0,468;2020-05-07;180;49,59993;20,300043;33,16546;53,46550;51,3;47,22828;30,439814;20,62291;51,06273;46,9; 96,82821;-3,1717911;0,00000000;51,17313;48,72626;0,12686615;1,8262650;1,953131;0,9765655;matched (3);53,2;46,8
2020-05-06;0,533;0,467;2020-05-06;181;49,59788;17,543652;35,78852;53,33218;51,3;47,22828;30,439814;20,62291;51,06273;46,9; 96,82616;-3,1738358;0,00000000;51,17204;48,72723;0,12796097;1,8272301;1,955191;0,9775955;matched (3);53,3;46,7
2020-05-05;0,538;0,462;2020-05-05;182;49,56436;13,646534;39,57332;53,21985;51,3;47,33271;30,224859;21,04547;51,27033;46,9; 96,89707;-3,1029282;0,00000000;51,10231;48,80141;0,19769363;1,9014145;2,099108;1,0495541;matched (3);53,8;46,2
2020-05-04;0,538;0,462;2020-05-04;183;49,38591;13,512080;39,63992;53,15200;51,3;47,56359;29,471313;22,25907;51,73038;46,9; 96,94950;-3,0504990;0,00000000;50,89243;49,01452;0,40757066;2,1145186;2,522089;1,2610446;matched (3);53,8;46,2
2020-05-03;0,537;0,463;2020-05-03;184;49,34760;12,282974;40,97660;53,25957;51,3;47,81551;28,045113;24,09641;52,14152;46,9; 97,16311;-2,8368912;0,00000000;50,74754;49,17199;0,55246431;2,2719855;2,824450;1,4122249;matched (3);53,7;46,3
2020-05-02;0,537;0,463;2020-05-02;185;49,47470;13,073311;40,31865;53,39196;51,3;47,71049;29,048599;23,13650;52,18510;46,9; 97,18519;-2,8148117;0,00000000;50,86732;49,05345;0,43268281;2,1534514;2,586134;1,2930671;matched (3);53,7;46,3
2020-05-01;0,538;0,462;2020-05-01;186;49,61780;13,965971;39,52214;53,48811;51,3;47,69000;29,240095;22,90279;52,14288;46,9; 97,30780;-2,6921997;0,00000000;50,95361;48,97391;0,34638673;2,0739074;2,420294;1,2101470;matched (3);53,8;46,2
2020-04-30;0,537;0,463;2020-04-30;187;49,61780;13,965971;39,52214;53,48811;51,3;47,52088;29,498800;22,37611;51,87491;46,9; 97,13869;-2,8613129;0,00000000;51,03753;48,88060;0,26247483;1,9806000;2,243075;1,1215374;matched (3);53,7;46,3
2020-04-29;0,539;0,461;2020-04-29;188;49,62980;14,006422;39,50288;53,50930;51,3;47,67159;29,073267;22,99521;52,06848;46,9; 97,30138;-2,6986160;0,00000000;50,96911;48,95806;0,33088762;2,0580611;2,388949;1,1944743;matched (3);53,9;46,1
2020-04-28;0,538;0,462;2020-04-28;189;49,27666;11,422439;41,87178;53,29422;51,3;47,49980;29,646418;22,13306;51,77948;46,9; 96,77646;-3,2235413;0,00000000;50,86511;49,03098;0,43489152;2,1309752;2,565867;1,2829334;matched (3);53,8;46,2
2020-04-27;0,539;0,461;2020-04-27;190;49,35194;11,911751;41,41698;53,32873;51,3;47,46271;29,838264;21,87910;51,71737;46,9; 96,81465;-3,1853485;0,00000000;50,92397;48,97456;0,37603074;2,0745635;2,450594;1,2252971;matched (3);53,9;46,1
2020-04-26;0,538;0,462;2020-04-26;191;49,76777;14,406026;39,20585;53,61188;51,3;47,27664;30,096645;21,07964;51,17629;46,9; 97,04441;-2,9555893;0,00000000;51,23870;48,67394;0,06129532;1,7739426;1,835238;0,9176189;matched (3);53,8;46,2
2020-04-25;0,539;0,461;2020-04-25;192;50,06610;12,261516;41,52013;53,78164;51,3;47,24883;29,820835;21,22429;51,04513;46,9; 97,31493;-2,6850739;0,00000000;51,41041;48,51750;0,11040802;1,6174980;1,727906;0,8639531;matched (3);53,9;46,1
2020-04-24;0,539;0,461;2020-04-24;193;50,06610;12,261516;41,52013;53,78164;51,3;47,24883;29,820835;21,22429;51,04513;46,9; 97,31493;-2,6850739;0,00000000;51,41041;48,51750;0,11040802;1,6174980;1,727906;0,8639531;matched (3);53,9;46,1
2020-04-23;0,536;0,464;2020-04-23;194;50,43927;10,640612;43,15313;53,79374;51,3;47,23015;29,918665;21,05912;50,97778;46,9; 97,66943;-2,3305740;0,00000000;51,61480;48,33089;0,31479567;1,4308869;1,745682;0,8728412;matched (3);53,6;46,4
2020-04-22;0,536;0,464;2020-04-22;195;50,42622;13,771914;39,82348;53,59539;51,3;47,41895;27,109600;23,94348;51,05308;46,9; 97,84518;-2,1548233;0,00000000;51,51282;48,44075;0,21282120;1,5407463;1,753568;0,8767838;matched (3);53,6;46,4
2020-04-21;0,533;0,467;2020-04-21;196;50,28185;14,342872;39,20853;53,55140;51,3;47,52850;23,262043;27,99860;51,26065;46,9; 97,81036;-2,1896439;0,00000000;51,38284;48,56921;0,08284302;1,6692101;1,752053;0,8760266;matched (3);53,3;46,7
2020-04-20;0,530;0,470;2020-04-20;197;49,31059;27,160652;26,10626;53,26691;51,3;47,31860;28,392872;22,79127;51,18414;46,9; 96,62918;-3,3708191;0,00000000;50,97276;48,91362;0,32724077;2,0136199;2,340861;1,1704303;matched (3);53,0;47,0
2020-04-19;0,531;0,469;2020-04-19;198;50,09905;10,121056;43,43361;53,55467;51,3;47,57225;23,876709;27,50183;51,37854;46,9; 97,67130;-2,3286972;0,00000000;51,26571;48,68006;0,03429108;1,7800614;1,814352;0,9071762;matched (3);53,1;46,9
2020-04-18;0,531;0,469;2020-04-18;199;50,07855;10,106872;43,37071;53,47758;51,3;47,68233;20,265141;31,25190;51,51704;46,9; 97,76088;-2,2391205;0,00000000;51,19987;48,75000;0,10013275;1,8499962;1,950129;0,9750645;matched (3);53,1;46,9
2020-04-17;0,534;0,466;2020-04-17;200;50,18292; 8,375484;45,11210;53,48758;51,3;47,24709;28,705259;22,05809;50,76335;46,9; 97,43002;-2,5699844;0,00000000;51,47261;48,46134;0,17261048;1,5613381;1,733949;0,8669743;matched (3);53,4;46,6
2020-04-16;0,532;0,468;2020-04-16;201;50,20571; 8,449406;45,15118;53,60059;51,3;47,14826;30,383377;20,12267;50,50605;46,9; 97,35397;-2,6460342;0,00000000;51,53417;48,39582;0,23416825;1,4958168;1,729985;0,8649926;matched (3);53,2;46,8
2020-04-15;0,530;0,470;2020-04-15;202;50,23896; 8,113075;45,56054;53,67361;51,3;47,12978;30,299938;20,01539;50,31533;46,9; 97,36874;-2,6312561;0,00000000;51,56088;48,36988;0,26087874;1,4698845;1,730763;0,8653816;matched (3);53,0;47,0
2020-04-14;0,533;0,467;2020-04-14;203;50,04423; 8,168765;45,52715;53,69592;51,3;47,11418;30,554932;19,79604;50,35097;46,9; 97,15841;-2,8415909;0,00000000;51,46628;48,45297;0,16628189;1,5529724;1,719254;0,8596272;matched (3);53,3;46,7
2020-04-13;0,533;0,467;2020-04-13;204;50,16628; 8,139985;45,56256;53,70254;51,3;47,16277;30,732397;19,79399;50,52639;46,9; 97,32905;-2,6709518;0,00000000;51,50620;48,42246;0,20619889;1,5224625;1,728661;0,8643307;matched (3);53,3;46,7
2020-04-12;0,529;0,471;2020-04-12;205;50,13799; 8,092306;45,47949;53,57179;51,3;47,11815;31,042696;19,45333;50,49603;46,9; 97,25614;-2,7438583;0,00000000;51,51371;48,41100;0,21370621;1,5110031;1,724709;0,8623547;matched (3);52,9;47,1
2020-04-11;0,531;0,469;2020-04-11;206;50,20622; 7,807374;45,63551;53,44288;51,3;47,11391;30,843937;19,56445;50,40839;46,9; 97,32012;-2,6798782;0,00000000;51,55168;48,37650;0,25168151;1,4765030;1,728184;0,8640922;matched (3);53,1;46,9
2020-04-10;0,528;0,472;2020-04-10;207;50,10309; 7,815332;45,58432;53,39965;51,3;47,27000;28,762136;21,64330;50,40543;46,9; 97,37310;-2,6268997;0,00000000;51,41925;48,51174;0,11925431;1,6117378;1,730992;0,8654961;matched (3);52,8;47,2
