real_link,gender,age,foreign,leri,sexuality,round,predicted_expression,predicted_competence,predicted_trustworthiness,predicted_attractiveness,predicted_gender,predicted_sexuality,predicted_ethnicity,real_ethnicity,real_gender,real_expression,dif_gender,dif_ethnicity
https://images.generated.photos/_e1ItCMcY-TQ290G2GLQ1WWLlNcVo_TVDQZb_hufNbc/rs:fit:512:512/wm:0.95:sowe:18:18:0.33/Z3M6Ly9nZW5lcmF0/ZWQtcGhvdG9zL3Yz/XzA4OTA1NjkuanBn.jpg,2.6956521739130435,2.5652173913043477,1.608695652173913,5.956521739130435,2.590909090909091,5.826086956521739,5.304347826086956,7.565217391304348,7.3478260869565215,7.130434782608695,0.043478260869565216,1.7826086956521738,0.08695652173913043,0,0,1,0.043478260869565216,0.08695652173913043
https://images.generated.photos/-EoE_KWzubEa-92kXoGBkjurfIA0Zw9KTvBXcswODUM/rs:fit:512:512/wm:0.95:sowe:18:18:0.33/Z3M6Ly9nZW5lcmF0/ZWQtcGhvdG9zL3Yz/XzA3MzE4MTUuanBn.jpg,2.303030303030303,3.121212121212121,1.5454545454545454,5.515151515151516,2.625,6.151515151515151,4.303030303030303,7.0606060606060606,7.03030303030303,7.151515151515151,0,1.696969696969697,0.06060606060606061,0,0,0,0,0.06060606060606061
https://images.generated.photos/-FKT06yPJIURChQB9ALKaOWcx9ho9XqkcAamfCoxRos/rs:fit:512:512/wm:0.95:sowe:18:18:0.33/Z3M6Ly9nZW5lcmF0/ZWQtcGhvdG9zL3Yz/XzAxMzAxNTcuanBn.jpg,2.411764705882353,3,1.4705882352941178,6.470588235294118,2.764705882352941,5.9411764705882355,4.705882352941177,7.411764705882353,7.588235294117647,7.117647058823529,0.11764705882352941,2,0.11764705882352941,0,0,0,0.11764705882352941,0.11764705882352941
https://images.generated.photos/-yjz4fvxyCzLqPCGhu8DEjGO4JW8EERsy2Mf3RbrdK8/rs:fit:512:512/wm:0.95:sowe:18:18:0.33/Z3M6Ly9nZW5lcmF0/ZWQtcGhvdG9zL3Yz/XzA2MDI5NjguanBn.jpg,2.48,3.48,1.8,7.2,2.9166666666666665,3.92,5,6.36,6.24,6.12,0.08,1.8,0.96,1,0,1,0.08,-0.040000000000000036
https://images.generated.photos/0f2wFgAFBhe4R9CHQUTNuR6CJ8bZg18zllyS8JWuqpQ/rs:fit:512:512/wm:0.95:sowe:18:18:0.33/Z3M6Ly9nZW5lcmF0/ZWQtcGhvdG9zL3Yz/XzA4MTg1ODUuanBn.jpg,2.5,2.7857142857142856,1.6071428571428572,6.464285714285714,2.8214285714285716,5.142857142857143,4.035714285714286,7.214285714285714,6.5,7.035714285714286,0,1.8928571428571428,0.42857142857142855,0,0,0,0,0.42857142857142855
https://images.generated.photos/0oencBnT1JkWJ4Tbw8jhs3IappnW4VgsDpFmQ9NW1mU/rs:fit:512:512/wm:0.95:sowe:18:18:0.33/Z3M6Ly9nZW5lcmF0/ZWQtcGhvdG9zL3Yz/XzA5OTc2ODQuanBn.jpg,2.260869565217391,3.3043478260869565,1.4782608695652173,6.086956521739131,2.782608695652174,5.130434782608695,7.217391304347826,7.782608695652174,8.304347826086957,8.173913043478262,0.9130434782608695,1.8695652173913044,0.13043478260869565,0,1,0,-0.08695652173913049,0.13043478260869565
https://images.generated.photos/0xd8vOwqTrEKcJw4OeN7uloWAtJvohDSgme-S-95Pw0/rs:fit:512:512/wm:0.95:sowe:18:18:0.33/Z3M6Ly9nZW5lcmF0/ZWQtcGhvdG9zL3Yz/XzAxMDcwNjMuanBn.jpg,2.64,3.36,1.72,6.6,2.9166666666666665,5.96,3.04,6.32,6.48,6.2,0,2,0.04,0,0,1,0,0.04
https://images.generated.photos/1wCoAeGpEnkEur9ChXYP-DRkVZvJrW_dPxFVqnNwH7k/rs:fit:512:512/wm:0.95:sowe:18:18:0.33/Z3M6Ly9nZW5lcmF0/ZWQtcGhvdG9zL3Yz/XzAzOTQzMzQuanBn.jpg,2.526315789473684,3.473684210526316,1.3333333333333333,7.444444444444445,3,6.157894736842105,7.631578947368421,8.368421052631579,7.894736842105263,7.2631578947368425,0.8947368421052632,1.8421052631578947,0.05263157894736842,0,1,0,-0.10526315789473684,0.05263157894736842
https://images.generated.photos/2kGK-ugAeJZc4X81xfAU0igPUAWs0f74-gvJ_-NxCzs/rs:fit:512:512/wm:0.95:sowe:18:18:0.33/Z3M6Ly9nZW5lcmF0/ZWQtcGhvdG9zL3Yz/XzAxNjc5NjIuanBn.jpg,2.4642857142857144,2.9285714285714284,1.6071428571428572,5.75,2.857142857142857,5.571428571428571,3.4285714285714284,7.964285714285714,7.607142857142857,6.821428571428571,0,1.9642857142857142,0.03571428571428571,0,0,0,0,0.03571428571428571
https://images.generated.photos/2T7UZ6u0VnvOVRO_QNb2r59LSoOpwM-krIvuSYMzPDs/rs:fit:512:512/wm:0.95:sowe:18:18:0.33/Z3M6Ly9nZW5lcmF0/ZWQtcGhvdG9zL3Yz/XzAxMDM0NzFfMDc2/ODY4N18wMDk2NDE1/LmpwZw.jpg,2.3846153846153846,3.269230769230769,1.3846153846153846,6.576923076923077,2.72,6.153846153846154,3.8846153846153846,7.384615384615385,7.038461538461538,6.884615384615385,0,1.8846153846153846,0.8846153846153846,1,0,0,0,-0.11538461538461542
https://images.generated.photos/2WJkUriysfMeQ826_bODFF5zA2MTT-CNLF15Nn0xFQA/rs:fit:512:512/wm:0.95:sowe:18:18:0.33/Z3M6Ly9nZW5lcmF0/ZWQtcGhvdG9zL3Yz/XzA5OTgyNDkuanBn.jpg,2.5454545454545454,3.272727272727273,1.4090909090909092,6.454545454545454,2.727272727272727,5.2272727272727275,8,7.409090909090909,7.318181818181818,6.409090909090909,0.8636363636363636,1.7272727272727273,0.13636363636363635,0,1,1,-0.13636363636363635,0.13636363636363635
https://images.generated.photos/3Q-0Fupk_PGz_Lc1lV3kJfJJZT6sSoL4YOZMbIaUdZc/rs:fit:512:512/wm:0.95:sowe:18:18:0.33/Z3M6Ly9nZW5lcmF0/ZWQtcGhvdG9zL3Yz/XzA1MTcwODYuanBn.jpg,2.5238095238095237,3.1904761904761907,1.5714285714285714,6.857142857142857,2.9,5.285714285714286,7.095238095238095,8.428571428571429,8.19047619047619,8.523809523809524,1,2,0,0,1,0,0,0
https://images.generated.photos/466BInUMrULjiWDKvIcBfuYnwL3tQWqvfLeGMWYsekg/rs:fit:512:512/wm:0.95:sowe:18:18:0.33/Z3M6Ly9nZW5lcmF0/ZWQtcGhvdG9zL3Yz/XzA3MDkyMDRfMDc0/NjM2OF8wNDYzODU3/LmpwZw.jpg,2.36,3.36,1.32,5.6,2.76,6.68,4.96,6.76,6.68,6.28,0.04,1.72,0.88,1,0,1,0.04,-0.12
https://images.generated.photos/46BOHKuZOtSaj-PpNT3OTwayVVysoxjZCjuCic7I5HY/rs:fit:512:512/wm:0.95:sowe:18:18:0.33/Z3M6Ly9nZW5lcmF0/ZWQtcGhvdG9zL3Yz/XzAzODIwNDcuanBn.jpg,2.5,2.6818181818181817,1.7272727272727273,7.2727272727272725,2.857142857142857,6.454545454545454,3.3636363636363638,7.681818181818182,7.7272727272727275,7.454545454545454,0,1.8636363636363635,0,0,0,1,0,0
https://images.generated.photos/4EB0GyS74a390zAj7GKUge7guq9nNj4sYmZhlrZhhFc/rs:fit:512:512/wm:0.95:sowe:18:18:0.33/Z3M6Ly9nZW5lcmF0/ZWQtcGhvdG9zL3Yz/XzA5MzIwODkuanBn.jpg,2.52,3.08,1.48,5.88,2.9130434782608696,4.92,6.24,7.24,7.56,6.8,0.24,1.64,0.08,0,0,1,0.24,0.08
https://images.generated.photos/4M0c_wtHxmHD9_NChTmEqEKdAzTQoISKy7EX8TIz8Ok/rs:fit:512:512/wm:0.95:sowe:18:18:0.33/Z3M6Ly9nZW5lcmF0/ZWQtcGhvdG9zL3Yz/XzAxMjYyODkuanBn.jpg,2.391304347826087,3.130434782608696,1.826086956521739,5.608695652173913,2.782608695652174,5.869565217391305,6.869565217391305,7.826086956521739,7.565217391304348,7.956521739130435,0.9130434782608695,1.9565217391304348,0.2608695652173913,1,1,0,-0.08695652173913049,-0.7391304347826086
https://images.generated.photos/4VMNKUXfkao3OkFZflGjtVDK7ITiEKgNhKb4X2ptLGI/rs:fit:512:512/wm:0.95:sowe:18:18:0.33/Z3M6Ly9nZW5lcmF0/ZWQtcGhvdG9zL3Yz/XzA0Mzc0NjVfMDEw/MzAyOF8wNjIzOTg4/LmpwZw.jpg,2.3846153846153846,2.8846153846153846,1.5769230769230769,6.538461538461538,2.8461538461538463,5.346153846153846,3.6153846153846154,7.269230769230769,6.6923076923076925,7.230769230769231,0,1.9230769230769231,1,1,0,0,0,0
https://images.generated.photos/6dHQ7MN7sCLLzutUbtdaEHtn4xWNWPhbj1v0zMT6Yk4/rs:fit:512:512/wm:0.95:sowe:18:18:0.33/Z3M6Ly9nZW5lcmF0/ZWQtcGhvdG9zL3Yz/XzA3ODg0ODRfMDE5/ODUyOF8wNTUyNzEz/LmpwZw.jpg,2.5238095238095237,2.9047619047619047,1.1428571428571428,5.666666666666667,2.5714285714285716,5.666666666666667,3.142857142857143,7.380952380952381,7.285714285714286,7.333333333333333,0,2,1,1,0,0,0,0
https://images.generated.photos/6ozUNEgji_BIOxYYyL1K9VsNC_JMF3R_vsfXUZwN5t8/rs:fit:512:512/wm:0.95:sowe:18:18:0.33/Z3M6Ly9nZW5lcmF0/ZWQtcGhvdG9zL3Yz/XzA2MjY2NjJfMDc4/NjA4OF8wODMwNTc3/LmpwZw.jpg,2.230769230769231,3.269230769230769,1.4230769230769231,5.961538461538462,2.6538461538461537,4.538461538461538,3.6153846153846154,7.1923076923076925,6.653846153846154,6.5,0,1.9615384615384615,0.9615384615384616,1,0,0,0,-0.038461538461538436
https://images.generated.photos/7gnEFk8mRE1euc4OBp_WzhJSK-nG4k8igiChhZrcp8s/rs:fit:512:512/wm:0.95:sowe:18:18:0.33/Z3M6Ly9nZW5lcmF0/ZWQtcGhvdG9zL3Yz/XzA1NDE1NzQuanBn.jpg,2.65,3.15,1.45,6.3,2.85,6.15,5.4,7.8,7.85,7.45,0,1.85,0.1,0,0,1,0,0.1
https://images.generated.photos/7oYYxXpGNJfeaCmwt6G8-ErSUG2KCT-3JbiZW4cExH8/rs:fit:512:512/wm:0.95:sowe:18:18:0.33/Z3M6Ly9nZW5lcmF0/ZWQtcGhvdG9zL3Yz/XzA2OTkyMTQuanBn.jpg,2.55,3.35,1.45,6.3,3,4.55,5.4,7.45,7.2,7,0,1.8,0.9,1,0,1,0,-0.09999999999999998
https://images.generated.photos/8-UdppMaYjizYFeK8D1282XnX5_fO7xYfRxMTap2TqY/rs:fit:512:512/wm:0.95:sowe:18:18:0.33/Z3M6Ly9nZW5lcmF0/ZWQtcGhvdG9zL3Yz/XzAyOTMzMzQuanBn.jpg,2.5,2.409090909090909,1.6818181818181819,5.9523809523809526,2.6666666666666665,5.136363636363637,7.454545454545454,7.954545454545454,7.7272727272727275,7.636363636363637,0.9545454545454546,1.8636363636363635,0.4090909090909091,1,1,0,-0.045454545454545414,-0.5909090909090908
https://images.generated.photos/8f9jfPh27b9xd_0RmUVI8W1nVvihhpXbxBN1pwQDnow/rs:fit:512:512/wm:0.95:sowe:18:18:0.33/Z3M6Ly9nZW5lcmF0/ZWQtcGhvdG9zL3Yz/XzA1OTIzMDkuanBn.jpg,2.6315789473684212,3.3684210526315788,1.631578947368421,6.947368421052632,2.8947368421052633,5.315789473684211,6.315789473684211,7.315789473684211,7.842105263157895,7.421052631578948,1,1.9473684210526316,0.21052631578947367,1,1,0,0,-0.7894736842105263
https://images.generated.photos/8rylKQ2DO2evU2xLcnymAfadzKxACs6-mhTQAUIbdWE/rs:fit:512:512/wm:0.95:sowe:18:18:0.33/Z3M6Ly9nZW5lcmF0/ZWQtcGhvdG9zL3Yz/XzA4MDQ5MTMuanBn.jpg,2.6,3,1.4,5.733333333333333,2.7333333333333334,4.666666666666667,7.533333333333333,8.466666666666667,7.933333333333334,6.933333333333334,0.7333333333333333,1.9333333333333333,0.06666666666666667,0,1,0,-0.2666666666666667,0.06666666666666667
https://images.generated.photos/92fMm-B7XRaT976Ed9CLs7WmlPr-y5wIInV0nKqSHAg/rs:fit:512:512/wm:0.95:sowe:18:18:0.33/Z3M6Ly9nZW5lcmF0/ZWQtcGhvdG9zL3Yz/XzA5OTI5MjIuanBn.jpg,2.45,3.45,1.25,5.75,2.9,5.55,8.4,7.9,7.75,7.6,1,1.95,0.05,0,1,0,0,0.05
https://images.generated.photos/96CNDc-g3t2-kswltKxPAcGdYHoqFgQk9aFAgIGTuMg/rs:fit:512:512/wm:0.95:sowe:18:18:0.33/Z3M6Ly9nZW5lcmF0/ZWQtcGhvdG9zL3Yz/XzAyNzAwNDVfMDQ4/NTA2Nl8wNjIxOTky/LmpwZw.jpg,2.5172413793103448,2.9310344827586206,1.5172413793103448,6.206896551724138,2.7857142857142856,6.0344827586206895,4.241379310344827,7.655172413793103,7.793103448275862,7.482758620689655,0,1.8620689655172413,0.8275862068965517,1,0,1,0,-0.1724137931034483
https://images.generated.photos/9F45I-hq8nqCyUxOQ4avZKe-a8XI19oMXxWwbG6H4Jw/rs:fit:512:512/wm:0.95:sowe:18:18:0.33/Z3M6Ly9nZW5lcmF0/ZWQtcGhvdG9zL3Yz/XzAxOTg1MjhfMDc4/ODQ4NF8wODg0MDA0/LmpwZw.jpg,2.4444444444444446,3.185185185185185,1.2592592592592593,6.038461538461538,2.888888888888889,5.7407407407407405,6.7407407407407405,7.2592592592592595,7.555555555555555,6.888888888888889,0.48148148148148145,1.7407407407407407,0.9259259259259259,1,0,1,0.48148148148148145,-0.07407407407407407
https://images.generated.photos/9T1HFRtvqGgd_tFId7IIc6yIyb4NOcNjbEuZXKxQBvM/rs:fit:512:512/wm:0.95:sowe:18:18:0.33/Z3M6Ly9nZW5lcmF0/ZWQtcGhvdG9zL3Yz/XzA2MjAxNTkuanBn.jpg,2.3225806451612905,3.161290322580645,1.2903225806451613,6.483870967741935,2.806451612903226,4.645161290322581,8.483870967741936,8.193548387096774,8.096774193548388,8.612903225806452,1,1.935483870967742,0.7419354838709677,1,1,0,0,-0.25806451612903225
https://images.generated.photos/Ak57hmqhh6-3RVgtryw2vTItwFKoWpB2U1nf8cUzRxE/rs:fit:512:512/wm:0.95:sowe:18:18:0.33/Z3M6Ly9nZW5lcmF0/ZWQtcGhvdG9zL3Yz/XzAyMTExMDEuanBn.jpg,2.45,3.2,1.35,5.65,2.85,5.95,3.25,6.95,7.05,6.55,0,1.95,0.85,1,0,0,0,-0.15000000000000002
https://images.generated.photos/aLaHyEud8iq8GGg__0oHVDQInzX_HIhViK8Ou-0CtwY/rs:fit:512:512/wm:0.95:sowe:18:18:0.33/Z3M6Ly9nZW5lcmF0/ZWQtcGhvdG9zL3Yz/XzA2NTg4MDlfMDg1/NDg1NF8wNTQzMTYz/LmpwZw.jpg,2.3870967741935485,2.870967741935484,1.6666666666666667,6.580645161290323,2.838709677419355,5.096774193548387,5.741935483870968,6.806451612903226,6.516129032258065,6.483870967741935,0.3548387096774194,1.7419354838709677,0.7741935483870968,1,0,1,0.3548387096774194,-0.22580645161290325
https://images.generated.photos/avdexyMbO4F2yjgP1iFKlnHMuGXRtUrIZceXqzYtItM/rs:fit:512:512/wm:0.95:sowe:18:18:0.33/Z3M6Ly9nZW5lcmF0/ZWQtcGhvdG9zL3Yz/XzAyOTc1MDYuanBn.jpg,2.4615384615384617,2.576923076923077,1.3846153846153846,6.3076923076923075,2.92,5.5,5.115384615384615,7.230769230769231,7.038461538461538,6.961538461538462,0,1.7307692307692308,0.07692307692307693,0,0,1,0,0.07692307692307693
https://images.generated.photos/aVhN18fmLoDMplvcV0AqlstmTLM3eIwQ7SWizwQElzA/rs:fit:512:512/wm:0.95:sowe:18:18:0.33/Z3M6Ly9nZW5lcmF0/ZWQtcGhvdG9zL3Yz/XzAyODY5OTguanBn.jpg,2.55,3.1,1.4,5.6,2.6,6.55,5.7,7.85,7.15,6.35,0.2,1.85,0.05,0,0,1,0.2,0.05
https://images.generated.photos/AYaeqzJf-ZHkwoz6HIjMCviskvD7fVb7WxlKnQeBikk/rs:fit:512:512/wm:0.95:sowe:18:18:0.33/Z3M6Ly9nZW5lcmF0/ZWQtcGhvdG9zL3Yz/XzA5MjMzNzUuanBn.jpg,2.423076923076923,2.769230769230769,1.5769230769230769,6.32,2.92,6.076923076923077,4.038461538461538,6.8076923076923075,7.3076923076923075,6.1923076923076925,0.038461538461538464,1.9615384615384615,0.34615384615384615,0,0,0,0.038461538461538464,0.34615384615384615
https://images.generated.photos/b6bq854PvUwW-AW_k7bZgT2GB83_9hthEiHNib8rPfo/rs:fit:512:512/wm:0.95:sowe:18:18:0.33/Z3M6Ly9nZW5lcmF0/ZWQtcGhvdG9zL3Yz/XzAyNzg5MTkuanBn.jpg,2.5,3.090909090909091,1.1818181818181819,5.863636363636363,2.6666666666666665,6.045454545454546,7.318181818181818,7,6.954545454545454,6.7272727272727275,0.9090909090909091,1.8636363636363635,0.13636363636363635,0,1,0,-0.09090909090909094,0.13636363636363635
https://images.generated.photos/b9dIAKUY2MBMxj6EqCw0IpQoARhAKMtLwyAQuK3kWR0/rs:fit:512:512/wm:0.95:sowe:18:18:0.33/Z3M6Ly9nZW5lcmF0/ZWQtcGhvdG9zL3Yz/XzAzNzkwNjcuanBn.jpg,2.4761904761904763,3.1904761904761907,1.9047619047619047,6.904761904761905,2.8947368421052633,6.190476190476191,2.5714285714285716,7.476190476190476,7.142857142857143,7.238095238095238,0.047619047619047616,1.9523809523809523,0.6190476190476191,1,0,0,0.047619047619047616,-0.38095238095238093
https://images.generated.photos/BaUZYqdgPBH2HtrcDM0hejRWfZQxjWW5zNkgp18aRZU/rs:fit:512:512/wm:0.95:sowe:18:18:0.33/Z3M6Ly9nZW5lcmF0/ZWQtcGhvdG9zL3Yz/XzA2NzE3MTQuanBn.jpg,2.48,3.16,1.4,6.08,2.7083333333333335,5.44,8.6,7.88,7.76,8.28,1,1.84,0.72,1,1,0,0,-0.28
https://images.generated.photos/bB762_FIXT5Rep8OgeMMfGCsvTHhlJRUWzEQnR-8TNY/rs:fit:512:512/wm:0.95:sowe:18:18:0.33/Z3M6Ly9nZW5lcmF0/ZWQtcGhvdG9zL3Yz/XzA4OTQ5NDEuanBn.jpg,2.4545454545454546,2.8181818181818183,1.5,7.090909090909091,3,5.590909090909091,6.454545454545454,7.090909090909091,6.7727272727272725,6.2727272727272725,0.7727272727272727,1.5,0.45454545454545453,1,1,1,-0.2272727272727273,-0.5454545454545454
https://images.generated.photos/bBRkqbnG_4D5CDRTKEuRXyXWrKV9cMSXMsy7zXxLy6U/rs:fit:512:512/wm:0.95:sowe:18:18:0.33/Z3M6Ly9nZW5lcmF0/ZWQtcGhvdG9zL3Yz/XzAwMTc2OTcuanBn.jpg,2.4615384615384617,3.423076923076923,1.6153846153846154,6.08,2.6538461538461537,6.230769230769231,6.615384615384615,6.730769230769231,6.769230769230769,6.653846153846154,0.7692307692307693,1.6153846153846154,0.5,1,1,1,-0.23076923076923073,-0.5
https://images.generated.photos/betBuxuM2ZCUc9Yc3_AGSCCLQpLGqSidE4yRehVhl0E/rs:fit:512:512/wm:0.95:sowe:18:18:0.33/Z3M6Ly9nZW5lcmF0/ZWQtcGhvdG9zL3Yz/XzA1NDAwMTNfMDE5/MDMwOV8wMDcwNTc5/LmpwZw.jpg,2.260869565217391,3.6956521739130435,1.565217391304348,6.260869565217392,2.782608695652174,4.739130434782608,3.3043478260869565,7.695652173913044,7.956521739130435,7.304347826086956,0.043478260869565216,1.9565217391304348,0.7391304347826086,1,0,0,0.043478260869565216,-0.26086956521739135
https://images.generated.photos/Bqpe09bakzfCohCTl7Rmpoyp8uerPCrqTPI1ur4kfgE/rs:fit:512:512/wm:0.95:sowe:18:18:0.33/Z3M6Ly9nZW5lcmF0/ZWQtcGhvdG9zL3Yz/XzAyNTc1MjAuanBn.jpg,2.263157894736842,3,1.5263157894736843,6.473684210526316,2.8947368421052633,5.684210526315789,7.578947368421052,8.894736842105264,8.210526315789474,7.7368421052631575,0.9473684210526315,1.9473684210526316,0.3157894736842105,1,1,0,-0.052631578947368474,-0.6842105263157895
https://images.generated.photos/BTpPGnjnhNNn8jRtjY2tmFi5YstWNf_zSqD_RqnjASg/rs:fit:512:512/wm:0.95:sowe:18:18:0.33/Z3M6Ly9nZW5lcmF0/ZWQtcGhvdG9zL3Yz/XzAxODgwOTMuanBn.jpg,2.607142857142857,3,1.25,6.642857142857143,2.75,6.142857142857143,6.785714285714286,6.642857142857143,6.464285714285714,5.321428571428571,0.17857142857142858,1.8571428571428572,0.2857142857142857,0,1,1,-0.8214285714285714,0.2857142857142857
https://images.generated.photos/bxOq7cZl_PF3MOoJLvM8toD_5b8BmZQBO-3SvLB25gs/rs:fit:512:512/wm:0.95:sowe:18:18:0.33/Z3M6Ly9nZW5lcmF0/ZWQtcGhvdG9zL3Yz/XzAyNzQwNjUuanBn.jpg,2.5,3.2666666666666666,1.7,6.517241379310345,2.9655172413793105,6.466666666666667,3.433333333333333,7.633333333333334,7.366666666666666,7.366666666666666,0.03333333333333333,1.9333333333333333,0.6666666666666666,0,0,0,0.03333333333333333,0.6666666666666666
https://images.generated.photos/BZMzKZb_IuNxoq0oMIOViyqDUZGvgdBERWoVVqz9aTs/rs:fit:512:512/wm:0.95:sowe:18:18:0.33/Z3M6Ly9nZW5lcmF0/ZWQtcGhvdG9zL3Yz/XzAzNTc5ODZfMDU3/MzUyMF8wMTI4OTU1/LmpwZw.jpg,2.5217391304347827,2.869565217391304,1.565217391304348,7.086956521739131,2.9130434782608696,5.130434782608695,4.565217391304348,6.782608695652174,6.478260869565218,6.434782608695652,0,1.826086956521739,0.9130434782608695,1,0,1,0,-0.08695652173913049
https://images.generated.photos/c4kCdYhkbsZzn1OfKvA1UFoBJ1q6c-t34Bhi-CIkrjY/rs:fit:512:512/wm:0.95:sowe:18:18:0.33/Z3M6Ly9nZW5lcmF0/ZWQtcGhvdG9zL3Yz/XzA4ODQzOTMuanBn.jpg,2.48,3.12,1.16,6.4,2.72,4.56,4.52,6.68,6.52,6.04,0,1.88,0.84,1,0,1,0,-0.16000000000000003
https://images.generated.photos/clQd_R3Ng0FPSRazT1ypU1DVbZgund4rK9vLGM6HD_A/rs:fit:512:512/wm:0.95:sowe:18:18:0.33/Z3M6Ly9nZW5lcmF0/ZWQtcGhvdG9zL3Yz/XzA0NzgxMzIuanBn.jpg,2.5714285714285716,3.3333333333333335,1.619047619047619,6.619047619047619,2.9047619047619047,5.238095238095238,6.809523809523809,6.809523809523809,6.809523809523809,6,0.42857142857142855,1.7619047619047619,0.3333333333333333,1,1,1,-0.5714285714285714,-0.6666666666666667
https://images.generated.photos/cP8OzXOhworoaq75iWRGc2GamDhx0WHuvxQZNANjyr8/rs:fit:512:512/wm:0.95:sowe:18:18:0.33/Z3M6Ly9nZW5lcmF0/ZWQtcGhvdG9zL3Yz/XzAyNjMyNjQuanBn.jpg,2.417910447761194,3.1791044776119404,1.5820895522388059,6.615384615384615,2.8208955223880596,5.149253731343284,7.567164179104478,8.477611940298507,8.567164179104477,7.970149253731344,0.9552238805970149,1.8507462686567164,0.1791044776119403,1,1,0,-0.04477611940298509,-0.8208955223880597
https://images.generated.photos/CV4w1lOrwukuC09XwukXxLit41f72z0XNVOPgqDe800/rs:fit:512:512/wm:0.95:sowe:18:18:0.33/Z3M6Ly9nZW5lcmF0/ZWQtcGhvdG9zL3Yz/XzA4NTE2NTYuanBn.jpg,2.4827586206896552,3.103448275862069,1.5714285714285714,6.275862068965517,2.7586206896551726,6,8.344827586206897,8.03448275862069,8.068965517241379,7.551724137931035,0.9655172413793104,1.9310344827586208,0.06896551724137931,0,1,0,-0.03448275862068961,0.06896551724137931
https://images.generated.photos/d33SPmNwWyWxrJvolRxVrz9EQtEA_cOpEOzvsZ8oZw0/rs:fit:512:512/wm:0.95:sowe:18:18:0.33/Z3M6Ly9nZW5lcmF0/ZWQtcGhvdG9zL3Yz/XzA2NDc3MzIuanBn.jpg,2.4615384615384617,3.8461538461538463,1.1923076923076923,6.423076923076923,2.923076923076923,5.038461538461538,2.423076923076923,6.576923076923077,7.038461538461538,6.346153846153846,0,1.9230769230769231,0.7692307692307693,1,0,0,0,-0.23076923076923073
https://images.generated.photos/dHvy3xnQmmaO2oTGHqULTJwwBTKa02IGGD7oIrKIIH8/rs:fit:512:512/wm:0.95:sowe:18:18:0.33/Z3M6Ly9nZW5lcmF0/ZWQtcGhvdG9zL3Yz/XzA3MTUwODIuanBn.jpg,2.3636363636363638,3,1.2727272727272727,6.363636363636363,2.6363636363636362,3.9545454545454546,5.454545454545454,6.954545454545454,6.954545454545454,6.545454545454546,0.045454545454545456,1.8636363636363635,0.3181818181818182,1,1,1,-0.9545454545454546,-0.6818181818181819
https://images.generated.photos/dx-bZvvgmJ0RdSzGUrAGtl0jb7XkVYO85takF5PLNDY/rs:fit:512:512/wm:0.95:sowe:18:18:0.33/Z3M6Ly9nZW5lcmF0/ZWQtcGhvdG9zL3Yz/XzA1NDAwMTNfMDE5/MDMwOV8wNDYwODQ2/LmpwZw.jpg,2.6,2.7,1.7,6.5,2.6,5.3,3,7.1,6.65,6.95,0,1.95,0.95,1,0,0,0,-0.050000000000000044
https://images.generated.photos/DXXtocKBLCA1rAsmNOKNXL298vlMkW09BIDml_J6QnI/rs:fit:512:512/wm:0.95:sowe:18:18:0.33/Z3M6Ly9nZW5lcmF0/ZWQtcGhvdG9zL3Yz/XzA4NDEyNzkuanBn.jpg,2.5,2.8125,1.2666666666666666,6.258064516129032,2.806451612903226,5.90625,6.3125,7.84375,7.5625,6.96875,0.15625,1.59375,0.9375,1,0,1,0.15625,-0.0625
https://images.generated.photos/ecmV0xSFIPNDU3kBi_Bpplmw5phcY2OxfJPoNmkVghM/rs:fit:512:512/wm:0.95:sowe:18:18:0.33/Z3M6Ly9nZW5lcmF0/ZWQtcGhvdG9zL3Yz/XzA0Njc2NTQuanBn.jpg,2.4285714285714284,2.9285714285714284,1.7142857142857142,5.592592592592593,2.857142857142857,5,6.821428571428571,6.25,6.285714285714286,5.535714285714286,0.9285714285714286,1.75,0.10714285714285714,0,1,1,-0.0714285714285714,0.10714285714285714
https://images.generated.photos/eGndCABYfHH_hn-3yod1FrbS2OQdKQEnfM_c0Jirn3g/rs:fit:512:512/wm:0.95:sowe:18:18:0.33/Z3M6Ly9nZW5lcmF0/ZWQtcGhvdG9zL3Yz/XzAyMTA5NTUuanBn.jpg,2.6666666666666665,2.888888888888889,1.7142857142857142,6.527777777777778,2.7142857142857144,5.638888888888889,7.138888888888889,8.055555555555555,8.5,7.527777777777778,0.4166666666666667,1.6388888888888888,0,0,0,1,0.4166666666666667,0
https://images.generated.photos/EHBiLDmq0IO1KltgLa95a12130OYit82xCnH_9vyo8c/rs:fit:512:512/wm:0.95:sowe:18:18:0.33/Z3M6Ly9nZW5lcmF0/ZWQtcGhvdG9zL3Yz/XzA1MDU0MDkuanBn.jpg,2.5483870967741935,3.032258064516129,1.4666666666666666,6.066666666666666,2.7666666666666666,5.32258064516129,7.096774193548387,7.612903225806452,7.516129032258065,7.225806451612903,0.967741935483871,1.8709677419354838,0.06451612903225806,0,1,0,-0.032258064516129004,0.06451612903225806
https://images.generated.photos/EirPD8_KkyolRsXR8XVQeuQNtUFMTBSGbrce8HMj7P8/rs:fit:512:512/wm:0.95:sowe:18:18:0.33/Z3M6Ly9nZW5lcmF0/ZWQtcGhvdG9zL3Yz/XzAyNDY4NDQuanBn.jpg,2.4615384615384617,3.1538461538461537,1.5769230769230769,6.653846153846154,2.8076923076923075,4.923076923076923,4.538461538461538,7.538461538461538,7.346153846153846,7.461538461538462,0,1.8461538461538463,0.19230769230769232,0,0,0,0,0.19230769230769232
https://images.generated.photos/emYj9lch1JjQqdYpT1PsN2t-vgoUJHzeF0scox9xEuw/rs:fit:512:512/wm:0.95:sowe:18:18:0.33/Z3M6Ly9nZW5lcmF0/ZWQtcGhvdG9zL3Yz/XzA4OTgxMTEuanBn.jpg,2.6315789473684212,3.263157894736842,2.0526315789473686,5.947368421052632,2.6842105263157894,6.157894736842105,6.631578947368421,7.2631578947368425,7.2105263157894735,6.421052631578948,0.3684210526315789,1.6842105263157894,0.2631578947368421,0,1,1,-0.631578947368421,0.2631578947368421
https://images.generated.photos/eQ15yaUQrLlqln2ZZuMlUYMrbfewXmkN_yls0O9GDjs/rs:fit:512:512/wm:0.95:sowe:18:18:0.33/Z3M6Ly9nZW5lcmF0/ZWQtcGhvdG9zL3Yz/XzA3NDUwODkuanBn.jpg,2.5,3.25,1.05,6.8,2.75,6.25,6.3,6.95,7,7,0.15,1.6,0.45,1,1,1,-0.85,-0.55
https://images.generated.photos/EqLT1thbwPjfTxwE2XA3y8sP7dZqecFuTibFvYNS5Nk/rs:fit:512:512/wm:0.95:sowe:18:18:0.33/Z3M6Ly9nZW5lcmF0/ZWQtcGhvdG9zL3Yz/XzAzNTMwNTguanBn.jpg,2.526315789473684,2.736842105263158,1.4210526315789473,6.7894736842105265,2.789473684210526,4.842105263157895,7.052631578947368,7.526315789473684,7,5.7368421052631575,0.7368421052631579,1.7894736842105263,0,0,1,1,-0.26315789473684215,0
https://images.generated.photos/f4gBmJq7vx8RMjU9UJR03aSm1iG8GITpy7T1guVwClY/rs:fit:512:512/wm:0.95:sowe:18:18:0.33/Z3M6Ly9nZW5lcmF0/ZWQtcGhvdG9zL3Yz/XzAwNjIyMjUuanBn.jpg,2.380952380952381,3.3333333333333335,1.35,7,2.9523809523809526,5,4.095238095238095,7.0476190476190474,6.714285714285714,6.285714285714286,0,1.9523809523809523,0.047619047619047616,0,0,0,0,0.047619047619047616
https://images.generated.photos/fe7miO8I4XmzUb90I9TTVOa4QsRFfRe348gG2jf203w/rs:fit:512:512/wm:0.95:sowe:18:18:0.33/Z3M6Ly9nZW5lcmF0/ZWQtcGhvdG9zL3Yz/XzAwNzM4OTAuanBn.jpg,2.4193548387096775,3.3225806451612905,1.2258064516129032,6.32258064516129,2.838709677419355,5.516129032258065,8.225806451612904,7.548387096774194,7.806451612903226,6.838709677419355,0.9354838709677419,1.935483870967742,0.12903225806451613,1,1,0,-0.06451612903225812,-0.8709677419354839
https://images.generated.photos/fibLYqLVWRyfLBqhp6GAa9AvT7E4ov4YKwzmA8AJ1fg/rs:fit:512:512/wm:0.95:sowe:18:18:0.33/Z3M6Ly9nZW5lcmF0/ZWQtcGhvdG9zL3Yz/XzA0ODU5OTMuanBn.jpg,2.3333333333333335,3.5185185185185186,1.037037037037037,6.148148148148148,2.8461538461538463,5.555555555555555,5.037037037037037,7.62962962962963,7.814814814814815,6.407407407407407,0,1.7037037037037037,0.037037037037037035,0,0,1,0,0.037037037037037035
https://images.generated.photos/fPgrWgdE-893tTxJdLWRQmqxqU0kdce0SZBAegsjl0Y/rs:fit:512:512/wm:0.95:sowe:18:18:0.33/Z3M6Ly9nZW5lcmF0/ZWQtcGhvdG9zL3Yz/XzA2MDE1OThfMDA2/MTcwNF8wMzQ4ODc0/LmpwZw.jpg,2.4,2.933333333333333,1.3666666666666667,6.166666666666667,2.7241379310344827,5.066666666666666,5.233333333333333,7.6,7.833333333333333,7.3,0.1,1.7666666666666666,0.9,1,0,1,0.1,-0.09999999999999998
https://images.generated.photos/FVJmF8yVI_uMQI_9n5vysXybDTgKp1-Lm0G8EcMoMcc/rs:fit:512:512/wm:0.95:sowe:18:18:0.33/Z3M6Ly9nZW5lcmF0/ZWQtcGhvdG9zL3Yz/XzA4MTQ1MzMuanBn.jpg,2.5,3.0714285714285716,1.5,6.964285714285714,3,6.571428571428571,7.392857142857143,7.142857142857143,7.321428571428571,6.857142857142857,0.5714285714285714,1.5357142857142858,0.8928571428571429,1,1,1,-0.4285714285714286,-0.1071428571428571
https://images.generated.photos/g7G0YKFA9opoYS3siR7H8xkfR37UNFFH3CLoT4R1AKc/rs:fit:512:512/wm:0.95:sowe:18:18:0.33/Z3M6Ly9nZW5lcmF0/ZWQtcGhvdG9zL3Yz/XzAwMjY5MDAuanBn.jpg,2.3703703703703702,2.740740740740741,1.7307692307692308,6.384615384615385,2.8076923076923075,5.7407407407407405,8.814814814814815,7.777777777777778,7.703703703703703,6.814814814814815,0.9629629629629629,1.8888888888888888,0.7407407407407407,1,1,0,-0.03703703703703709,-0.2592592592592593
https://images.generated.photos/GbG7qx9B02CBIUoiMtPQEwcyLnYQBAVLVJd2Q4Tm9Qc/rs:fit:512:512/wm:0.95:sowe:18:18:0.33/Z3M6Ly9nZW5lcmF0/ZWQtcGhvdG9zL3Yz/XzAzNDU0OTcuanBn.jpg,2.5357142857142856,3.0357142857142856,1.3571428571428572,6.571428571428571,2.7142857142857144,6.035714285714286,3.75,7.285714285714286,7.392857142857143,6.821428571428571,0,1.9285714285714286,0.32142857142857145,0,0,0,0,0.32142857142857145
https://images.generated.photos/GbPmTSkWu3jOUysc5i_WW1OvBo727BOvJNM4g7J9n9U/rs:fit:512:512/wm:0.95:sowe:18:18:0.33/Z3M6Ly9nZW5lcmF0/ZWQtcGhvdG9zL3Yz/XzA0MTkyMzUuanBn.jpg,2.5172413793103448,2.896551724137931,1.5357142857142858,5.555555555555555,2.896551724137931,6.068965517241379,7,7.482758620689655,7.310344827586207,7.793103448275862,0.9655172413793104,1.9310344827586208,0.6896551724137931,1,1,0,-0.03448275862068961,-0.31034482758620685
https://images.generated.photos/gi7s-Ol1ddlxRRZqHjlu5h5vnBuebImifTKEQilPc8o/rs:fit:512:512/wm:0.95:sowe:18:18:0.33/Z3M6Ly9nZW5lcmF0/ZWQtcGhvdG9zL3Yz/XzAzMjU5ODUuanBn.jpg,2.4166666666666665,3.375,1.4583333333333333,7.086956521739131,2.9166666666666665,5.083333333333333,6.083333333333333,7.541666666666667,7.875,7.583333333333333,0.08333333333333333,1.5416666666666667,0.08333333333333333,0,0,1,0.08333333333333333,0.08333333333333333
https://images.generated.photos/gPWcB2dyvA8IcvuMA2ehAivd5unjRU2MQmqqxGJ5mUM/rs:fit:512:512/wm:0.95:sowe:18:18:0.33/Z3M6Ly9nZW5lcmF0/ZWQtcGhvdG9zL3Yz/XzA1NzMyOTguanBn.jpg,2.6,2.75,1.736842105263158,6.947368421052632,2.9473684210526314,5.25,7.45,7.2,7,6.2,0.55,1.6,0.05,0,1,1,-0.44999999999999996,0.05
https://images.generated.photos/HDOL8En3qFY7_hkT6qc7h7yxRJryqYbUAll2Z3-xzP4/rs:fit:512:512/wm:0.95:sowe:18:18:0.33/Z3M6Ly9nZW5lcmF0/ZWQtcGhvdG9zL3Yz/XzAxMTgyNjQuanBn.jpg,2.6363636363636362,2.590909090909091,1.380952380952381,6.2727272727272725,2.8636363636363638,6.090909090909091,6.909090909090909,7.2727272727272725,7.545454545454546,5.7727272727272725,0.7727272727272727,1.4090909090909092,0.18181818181818182,0,1,1,-0.2272727272727273,0.18181818181818182
https://images.generated.photos/hDyE2MQNhUgp2SRZu4S4_KegmNC5uyTCWK2msb78ik0/rs:fit:512:512/wm:0.95:sowe:18:18:0.33/Z3M6Ly9nZW5lcmF0/ZWQtcGhvdG9zL3Yz/XzA2NDQwNzMuanBn.jpg,2.6315789473684212,3.4210526315789473,1.368421052631579,7,2.6315789473684212,4.894736842105263,7.473684210526316,7.052631578947368,7.7894736842105265,6.631578947368421,0.631578947368421,1.6842105263157894,0.7368421052631579,1,1,1,-0.368421052631579,-0.26315789473684215
https://images.generated.photos/hKzVOKHXauF05bRRdmLdKcCW3jeexAj5d8qLK0rz3L0/rs:fit:512:512/wm:0.95:sowe:18:18:0.33/Z3M6Ly9nZW5lcmF0/ZWQtcGhvdG9zL3Yz/XzAzNDM4NDguanBn.jpg,2.45,3.4,1.75,6.25,2.8947368421052633,5.3,8.05,7.65,7.9,7.4,0.7,1.65,0.85,1,1,1,-0.30000000000000004,-0.15000000000000002
https://images.generated.photos/HL9NJMao2wIA8tKGUoU2vCQvPlY_73kHk0R2uJXuxXQ/rs:fit:512:512/wm:0.95:sowe:18:18:0.33/Z3M6Ly9nZW5lcmF0/ZWQtcGhvdG9zL3Yz/XzAzMjk0ODFfMDUz/MzY5Nl8wOTc4NDEz/LmpwZw.jpg,2.409090909090909,3.1363636363636362,1.4090909090909092,6.904761904761905,2.909090909090909,6.090909090909091,4.7272727272727275,6.954545454545454,6.7272727272727275,6.636363636363637,0,1.8636363636363635,0.8636363636363636,1,0,1,0,-0.13636363636363635
https://images.generated.photos/Hpvzg85UjnII3HdU4EbNWevEz3N4yVhI0UOYoWHAE0U/rs:fit:512:512/wm:0.95:sowe:18:18:0.33/Z3M6Ly9nZW5lcmF0/ZWQtcGhvdG9zL3Yz/XzA4ODEzOTMuanBn.jpg,2.4166666666666665,2.5833333333333335,1.7826086956521738,7.291666666666667,2.5652173913043477,4.875,7.375,7.25,7.541666666666667,7.208333333333333,0.875,1.8333333333333333,0.5833333333333334,1,1,0,-0.125,-0.41666666666666663
https://images.generated.photos/hQO1Pv0S4kTrPjFPlSE6lZFFs7pLPdQjis5KJs4k2Uo/rs:fit:512:512/wm:0.95:sowe:18:18:0.33/Z3M6Ly9nZW5lcmF0/ZWQtcGhvdG9zL3Yz/XzA2OTM0NzEuanBn.jpg,2.55,3.1,1.475,5.95,2.8974358974358974,5.25,7.975,7,7.75,7.125,0.925,1.825,0.425,1,1,0,-0.07499999999999996,-0.575
https://images.generated.photos/hrzOBJxeD84wN3QWJiuZnz_HG_6F89cZGr9drJCUfz8/rs:fit:512:512/wm:0.95:sowe:18:18:0.33/Z3M6Ly9nZW5lcmF0/ZWQtcGhvdG9zL3Yz/XzA5MTcwMjkuanBn.jpg,2.5238095238095237,3.0476190476190474,1.45,6.05,2.761904761904762,5.428571428571429,2.761904761904762,8.095238095238095,7.190476190476191,8.333333333333334,0,2,0.8095238095238095,1,0,0,0,-0.19047619047619047
https://images.generated.photos/HsjSx1NOfWvwh1pO8uQInAuH776STe0_CVLU6uDt8q8/rs:fit:512:512/wm:0.95:sowe:18:18:0.33/Z3M6Ly9nZW5lcmF0/ZWQtcGhvdG9zL3Yz/XzA5MzY3MTcuanBn.jpg,2.608695652173913,2.8260869565217392,1.826086956521739,6.869565217391305,2.782608695652174,4.391304347826087,2.5217391304347827,7,6.739130434782608,7.434782608695652,0,1.826086956521739,0.17391304347826086,0,0,0,0,0.17391304347826086
https://images.generated.photos/I_XAojySwfds2gw9TTncwnl-dRaOojzzCxAsW0l3iVI/rs:fit:512:512/wm:0.95:sowe:18:18:0.33/Z3M6Ly9nZW5lcmF0/ZWQtcGhvdG9zL3Yz/XzA1OTM4NzYuanBn.jpg,2.4642857142857144,3.142857142857143,1.4285714285714286,7,2.888888888888889,5.178571428571429,8.964285714285714,8.214285714285714,8.321428571428571,8.071428571428571,0.9642857142857143,2,0.10714285714285714,0,1,0,-0.0357142857142857,0.10714285714285714
https://images.generated.photos/i8H2clpFiWBifG-Gr36vVD9NTcxnOy3wgO-uaEROaSw/rs:fit:512:512/wm:0.95:sowe:18:18:0.33/Z3M6Ly9nZW5lcmF0/ZWQtcGhvdG9zL3Yz/XzAyODkzODcuanBn.jpg,2.8333333333333335,2.2916666666666665,1.3333333333333333,6.6521739130434785,2.7916666666666665,4.25,7.541666666666667,8,8.25,7.5,0.8333333333333334,1.8333333333333333,0.125,0,1,1,-0.16666666666666663,0.125
https://images.generated.photos/ie3UgbJKX_cTNzb4pZVjwo7aPtXueh2rla6V3Qtt0TM/rs:fit:512:512/wm:0.95:sowe:18:18:0.33/Z3M6Ly9nZW5lcmF0/ZWQtcGhvdG9zL3Yz/XzA1MTk5MDIuanBn.jpg,2.3333333333333335,3.066666666666667,1.5333333333333334,5.866666666666666,2.8,6.2,7.8,8.2,8.266666666666667,7.666666666666667,1,1.9333333333333333,1,1,1,1,0,0
https://images.generated.photos/IEVQGCbTd5gByOwKiexztIQfNGIkgVkT_n_uPP81pgU/rs:fit:512:512/wm:0.95:sowe:18:18:0.33/Z3M6Ly9nZW5lcmF0/ZWQtcGhvdG9zL3Yz/XzAzNzk5NTcuanBn.jpg,2.4827586206896552,2.8620689655172415,1.2758620689655173,6.620689655172414,2.8620689655172415,5.103448275862069,7.620689655172414,7.413793103448276,7.517241379310345,7.275862068965517,1,1.9310344827586208,0.10344827586206896,0,1,0,0,0.10344827586206896
https://images.generated.photos/IIpPvqG9yExQVoJutRapoGLZKc7_KbPP0DDG3rWsctc/rs:fit:512:512/wm:0.95:sowe:18:18:0.33/Z3M6Ly9nZW5lcmF0/ZWQtcGhvdG9zL3Yz/XzA1NDUyOTdfMDAz/MjI2N18wMjg0Mzcx/LmpwZw.jpg,2.52,3.56,1.44,6.8,2.84,4.8,6,7.8,7.68,7.28,0.04,1.72,0.96,1,0,1,0.04,-0.040000000000000036
https://images.generated.photos/ItVTe7uGFX_UrWSrjUwTFZ29cQAKRcdlyKAemKc53kc/rs:fit:512:512/wm:0.95:sowe:18:18:0.33/Z3M6Ly9nZW5lcmF0/ZWQtcGhvdG9zL3Yz/XzA3NTM4NzEuanBn.jpg,2.3529411764705883,3.0588235294117645,1.5294117647058822,6.529411764705882,2.764705882352941,5.176470588235294,6.823529411764706,7.235294117647059,7.294117647058823,6.470588235294118,0.23529411764705882,1.411764705882353,0,0,1,1,-0.7647058823529411,0
https://images.generated.photos/iZb1p0z6z-nylB7gOQckLlDffVZahgGg8ypixrYBx1o/rs:fit:512:512/wm:0.95:sowe:18:18:0.33/Z3M6Ly9nZW5lcmF0/ZWQtcGhvdG9zL3Yz/XzA1ODMwNTcuanBn.jpg,2.6363636363636362,3.3181818181818183,1.2272727272727273,6.333333333333333,2.8636363636363638,5.181818181818182,3.0454545454545454,7.863636363636363,7.363636363636363,7.636363636363637,0,1.9545454545454546,0.4090909090909091,0,0,0,0,0.4090909090909091
https://images.generated.photos/J9VdASd7rpHmfNKoTFYQakPuIqTxwf1N_E9ADKfpAAA/rs:fit:512:512/wm:0.95:sowe:18:18:0.33/Z3M6Ly9nZW5lcmF0/ZWQtcGhvdG9zL3Yz/XzA0NTAyMDBfMDE4/Nzg4OF8wMTEyMTYw/LmpwZw.jpg,2.75,3.1666666666666665,1.4166666666666667,5.6521739130434785,2.8333333333333335,5.75,7.458333333333333,7.5,7.583333333333333,6.958333333333333,0.75,1.7916666666666667,0.8333333333333334,1,1,1,-0.25,-0.16666666666666663
https://images.generated.photos/ja0R7SGx4Kgm9B6CuTYOAh9x6sPgCfe5I726yJ2lEAc/rs:fit:512:512/wm:0.95:sowe:18:18:0.33/Z3M6Ly9nZW5lcmF0/ZWQtcGhvdG9zL3Yz/XzA1OTMyODguanBn.jpg,2.4444444444444446,3.037037037037037,1.5555555555555556,6.407407407407407,2.4814814814814814,5.518518518518518,7.62962962962963,7.703703703703703,7.444444444444445,6.814814814814815,0.8148148148148148,1.4814814814814814,0.4444444444444444,1,1,1,-0.18518518518518523,-0.5555555555555556
https://images.generated.photos/Jc7GjnjpNySospiKAPViL7bUrITkxw61KPnMG-X0F0A/rs:fit:512:512/wm:0.95:sowe:18:18:0.33/Z3M6Ly9nZW5lcmF0/ZWQtcGhvdG9zL3Yz/XzA4Mjg2MTZfMDY4/NjQwMF8wMzA1MjQ4/LmpwZw.jpg,2.4444444444444446,3.388888888888889,1.4705882352941178,6.166666666666667,3,6,4.611111111111111,8,8.222222222222221,7.833333333333333,0.05555555555555555,2,0.8888888888888888,1,0,1,0.05555555555555555,-0.11111111111111116
https://images.generated.photos/JS29aDJWytfs8vkvyr2uzp-40XPXxSOg0ccNX4u2TFU/rs:fit:512:512/wm:0.95:sowe:18:18:0.33/Z3M6Ly9nZW5lcmF0/ZWQtcGhvdG9zL3Yz/XzAwNjIyMDAuanBn.jpg,2.5,3.066666666666667,1.4666666666666666,6.633333333333334,2.6,6.4,5.6,6.833333333333333,6.466666666666667,6.2,0.23333333333333334,1.7333333333333334,0.03333333333333333,0,0,1,0.23333333333333334,0.03333333333333333
https://images.generated.photos/K4cBY-zcg8ht8Kgf5HqfSyrJd4hsYcA4zgWcP213GYg/rs:fit:512:512/wm:0.95:sowe:18:18:0.33/Z3M6Ly9nZW5lcmF0/ZWQtcGhvdG9zL3Yz/XzAwNDc4MjEuanBn.jpg,2.4705882352941178,3.5294117647058822,1.3529411764705883,6.529411764705882,2.875,5.705882352941177,2.588235294117647,6.235294117647059,6.529411764705882,6.0588235294117645,0,1.9411764705882353,0.8235294117647058,1,0,0,0,-0.17647058823529416
https://images.generated.photos/knUw2Vi364g4UBNj8aaa3dKACC4x0BwVb1jJH_XiCqE/rs:fit:512:512/wm:0.95:sowe:18:18:0.33/Z3M6Ly9nZW5lcmF0/ZWQtcGhvdG9zL3Yz/XzA1MzA1MzdfMDY4/MTM5MF8wOTc5NTY5/LmpwZw.jpg,2.6666666666666665,3.0416666666666665,1.5833333333333333,6.782608695652174,2.8260869565217392,4.958333333333333,2.9166666666666665,7,6.958333333333333,7.5,0,2,0.75,1,0,0,0,-0.25
https://images.generated.photos/kOuyqMRoswwGmj4ur8kdARE-Tm_LyIVl0tiDhaki5Sc/rs:fit:512:512/wm:0.95:sowe:18:18:0.33/Z3M6Ly9nZW5lcmF0/ZWQtcGhvdG9zL3Yz/XzAwMTI5MDkuanBn.jpg,2.411764705882353,3.411764705882353,1.588235294117647,6.647058823529412,2.9375,5.470588235294118,7.294117647058823,8.176470588235293,7.176470588235294,6.882352941176471,1,1.7058823529411764,0.17647058823529413,0,1,1,0,0.17647058823529413
https://images.generated.photos/KS3WrPZLa-6-WzAIhsuaEBkqArlq5TH51AfWcNzGNdo/rs:fit:512:512/wm:0.95:sowe:18:18:0.33/Z3M6Ly9nZW5lcmF0/ZWQtcGhvdG9zL3Yz/XzAzNzkzODEuanBn.jpg,2.4782608695652173,3.217391304347826,1.2173913043478262,6.391304347826087,2.5652173913043477,5.782608695652174,7.173913043478261,7.434782608695652,7.521739130434782,7.913043478260869,0.9130434782608695,1.8695652173913044,0.08695652173913043,0,1,0,-0.08695652173913049,0.08695652173913043
https://images.generated.photos/kUwo7y0jiMsmpzyHlenCs51LTPbDr_MTMJwuSVr3WJg/rs:fit:512:512/wm:0.95:sowe:18:18:0.33/Z3M6Ly9nZW5lcmF0/ZWQtcGhvdG9zL3Yz/XzAxNTkwNzIuanBn.jpg,2.4583333333333335,3.0833333333333335,1.434782608695652,5.416666666666667,2.7083333333333335,4.958333333333333,7.125,8.125,8.083333333333334,7.833333333333333,0.9583333333333334,1.9166666666666667,0.16666666666666666,0,1,0,-0.04166666666666663,0.16666666666666666
https://images.generated.photos/L91t8vL_ptSHLX9-hJ6Npy08Gwxi4DCEYttestL4vUo/rs:fit:512:512/wm:0.95:sowe:18:18:0.33/Z3M6Ly9nZW5lcmF0/ZWQtcGhvdG9zL3Yz/XzA1OTU2NDYuanBn.jpg,2.4642857142857144,3.0714285714285716,1.5357142857142858,6.464285714285714,2.7777777777777777,5.714285714285714,3.392857142857143,7.464285714285714,6.75,7.321428571428571,0,2,0.5357142857142857,0,0,0,0,0.5357142857142857
https://images.generated.photos/lDEEwLthBKMCZKIgUUdZp1IpeJV1-1hAtbsxf_mxkoM/rs:fit:512:512/wm:0.95:sowe:18:18:0.33/Z3M6Ly9nZW5lcmF0/ZWQtcGhvdG9zL3Yz/XzAzODUxNjguanBn.jpg,2.5652173913043477,2.608695652173913,1.391304347826087,7,2.6956521739130435,5.695652173913044,5.434782608695652,7.434782608695652,6.826086956521739,6.086956521739131,0,1.7826086956521738,0.17391304347826086,0,0,1,0,0.17391304347826086
https://images.generated.photos/ldqO4XRaWLwNBpxUKOrNHTEO2-5_TupSudA3p6xHDWY/rs:fit:512:512/wm:0.95:sowe:18:18:0.33/Z3M6Ly9nZW5lcmF0/ZWQtcGhvdG9zL3Yz/XzAzODE3MzkuanBn.jpg,2.5,3.3125,1.15625,7,2.90625,4.71875,4.25,7.375,7.3125,6.6875,0,1.875,0.125,0,0,0,0,0.125
https://images.generated.photos/lenh0eXGzQbTr0Fi_ffWDYl4DCM-SobvCGEFBvC3q8M/rs:fit:512:512/wm:0.95:sowe:18:18:0.33/Z3M6Ly9nZW5lcmF0/ZWQtcGhvdG9zL3Yz/XzAxOTk4NTJfMDUw/NTQ1MV8wNjQ5NDAx/LmpwZw.jpg,2.4545454545454546,2.757575757575758,1.8125,6.818181818181818,2.875,5.515151515151516,6.515151515151516,7.121212121212121,7.03030303030303,6.636363636363637,0.6363636363636364,1.696969696969697,0.8787878787878788,1,0,1,0.6363636363636364,-0.12121212121212122
https://images.generated.photos/lIQu2cl7xrfq9HFOPkJTA_BoMUq1o0UWhufV6thqwhs/rs:fit:512:512/wm:0.95:sowe:18:18:0.33/Z3M6Ly9nZW5lcmF0/ZWQtcGhvdG9zL3Yz/XzAxOTg1MjhfMDc4/ODQ4NF8wNzAzNzYw/LmpwZw.jpg,2.4,3.2666666666666666,1.4333333333333333,6.133333333333334,2.8666666666666667,5.766666666666667,5.866666666666666,6.966666666666667,7.633333333333334,6.933333333333334,0.06666666666666667,1.7666666666666666,0.9666666666666667,1,0,1,0.06666666666666667,-0.033333333333333326
https://images.generated.photos/LpEMpuUmsDqmWA8fVY-wsgHhNL44bTNiJLmK-Y5dGBc/rs:fit:512:512/wm:0.95:sowe:18:18:0.33/Z3M6Ly9nZW5lcmF0/ZWQtcGhvdG9zL3Yz/XzA2NzQ4NzkuanBn.jpg,2.466666666666667,2.966666666666667,1.6333333333333333,6.379310344827586,2.7666666666666666,5.6,8.366666666666667,7.466666666666667,7.833333333333333,7.533333333333333,0.8666666666666667,1.8666666666666667,0.13333333333333333,0,1,0,-0.1333333333333333,0.13333333333333333
https://images.generated.photos/lQuQ9bCYAturvLe7eD8TVRjHaD2iiEPX5UiU5wsp2Ac/rs:fit:512:512/wm:0.95:sowe:18:18:0.33/Z3M6Ly9nZW5lcmF0/ZWQtcGhvdG9zL3Yz/XzA3MTkzODguanBn.jpg,2.4210526315789473,3.263157894736842,1.7894736842105263,5.578947368421052,2.8421052631578947,6.684210526315789,4.7368421052631575,7.315789473684211,6.894736842105263,6.526315789473684,0,1.7894736842105263,0,0,1,1,-1,0
https://images.generated.photos/luENaba18foEGY8AdIYWfRfg6UXkc88I9QzZEBC8pWc/rs:fit:512:512/wm:0.95:sowe:18:18:0.33/Z3M6Ly9nZW5lcmF0/ZWQtcGhvdG9zL3Yz/XzAxODM5MjYuanBn.jpg,2.4838709677419355,3.3548387096774195,1.3870967741935485,6.774193548387097,2.9285714285714284,5.741935483870968,4.193548387096774,7.32258064516129,7.032258064516129,7.258064516129032,0,1.8387096774193548,0.03225806451612903,0,0,0,0,0.03225806451612903
https://images.generated.photos/M-ttuR-RBdffFhGa3lB3MFW__alzWkdn7i0f1IuSF04/rs:fit:512:512/wm:0.95:sowe:18:18:0.33/Z3M6Ly9nZW5lcmF0/ZWQtcGhvdG9zL3Yz/XzAwMDAwNzcuanBn.jpg,2.347826086956522,2.869565217391304,1.7826086956521738,6.217391304347826,2.652173913043478,4.3478260869565215,6.086956521739131,6.608695652173913,6.608695652173913,5.521739130434782,0.4782608695652174,1.7826086956521738,0.13043478260869565,0,1,1,-0.5217391304347826,0.13043478260869565
https://images.generated.photos/m6flXfOZDIJL9MjW-TLuxIYpM8I7RnVgV95ok9Sw_bc/rs:fit:512:512/wm:0.95:sowe:18:18:0.33/Z3M6Ly9nZW5lcmF0/ZWQtcGhvdG9zL3Yz/XzAxODAzNTEuanBn.jpg,2.5652173913043477,3.260869565217391,1.173913043478261,6.3478260869565215,2.5652173913043477,5.608695652173913,2.6956521739130435,7.173913043478261,6,6.086956521739131,0,1.9130434782608696,0.9130434782608695,1,0,0,0,-0.08695652173913049
https://images.generated.photos/M87Vjtvd9r42wlmSD-TUhX5diMD2TyIX9SU8AGlnlHs/rs:fit:512:512/wm:0.95:sowe:18:18:0.33/Z3M6Ly9nZW5lcmF0/ZWQtcGhvdG9zL3Yz/XzA1NzExNTUuanBn.jpg,2.4545454545454546,3.1363636363636362,1.4090909090909092,6.136363636363637,2.9523809523809526,5.2272727272727275,7,8.045454545454545,7.409090909090909,6.7727272727272725,0.8181818181818182,1.5909090909090908,0.4090909090909091,1,1,1,-0.18181818181818177,-0.5909090909090908
https://images.generated.photos/ma152wS5wNefj6DQHZhoqx7ILOjfm3jfQHfcpFLqMwI/rs:fit:512:512/wm:0.95:sowe:18:18:0.33/Z3M6Ly9nZW5lcmF0/ZWQtcGhvdG9zL3Yz/XzAzNDc0NDJfMDA2/NzU2NV8wMjQyODUz/LmpwZw.jpg,2.375,3.03125,1.4375,6.25,2.870967741935484,5.28125,6.3125,6.84375,7.03125,6.1875,0.0625,1.375,1,1,0,1,0.0625,0
https://images.generated.photos/Mb_6fa0D-a0wA7ruxfspHUhoUDnYukZEMCaoeVzd72w/rs:fit:512:512/wm:0.95:sowe:18:18:0.33/Z3M6Ly9nZW5lcmF0/ZWQtcGhvdG9zL3Yz/XzAwMzc3NDMuanBn.jpg,2.44,3.08,1.4,6.16,2.7083333333333335,4.56,7.88,7.28,7.36,5.88,0.92,1.76,0.32,0,1,0,-0.07999999999999996,0.32
https://images.generated.photos/mHCcjLraS96DOVVO6S3f2m2zrRUgcoyRRHG9wm7JqO0/rs:fit:512:512/wm:0.95:sowe:18:18:0.33/Z3M6Ly9nZW5lcmF0/ZWQtcGhvdG9zL3Yz/XzA5NzMwOTMuanBn.jpg,2.5,3,1.4411764705882353,5.470588235294118,2.8181818181818183,5.764705882352941,5.911764705882353,6.676470588235294,7.029411764705882,6.147058823529412,0.14705882352941177,1.8235294117647058,0.7058823529411765,1,1,1,-0.8529411764705882,-0.2941176470588235
https://images.generated.photos/MhS04bF-2oRBYkI26JBrH2zwWIPzsR8WGcy34OFEcOk/rs:fit:512:512/wm:0.95:sowe:18:18:0.33/Z3M6Ly9nZW5lcmF0/ZWQtcGhvdG9zL3Yz/XzAzNjQ3NDVfMDQ0/NTA0OV8wNDQzODIx/LmpwZw.jpg,2.4444444444444446,3.111111111111111,1.4074074074074074,6.074074074074074,2.962962962962963,5.2592592592592595,5.703703703703703,6.592592592592593,6.7407407407407405,5.7407407407407405,0.037037037037037035,1.6666666666666667,1,1,0,1,0.037037037037037035,0
https://images.generated.photos/Mp0YEy8uDjDhfs3ORXueHQFsL9_TXqp2LwJ1Gsil9w0/rs:fit:512:512/wm:0.95:sowe:18:18:0.33/Z3M6Ly9nZW5lcmF0/ZWQtcGhvdG9zL3Yy/XzA2NTIyMzAuanBn.jpg,2.6333333333333333,3.1333333333333333,1.4666666666666666,5.8,2.7241379310344827,4.666666666666667,7.833333333333333,8.2,8.066666666666666,7.133333333333334,0.8666666666666667,1.8666666666666667,0.1,0,1,1,-0.1333333333333333,0.1
https://images.generated.photos/MwQzEo08c2Zfz6ub8OqRD2S3vqoqOvSU4h7B4ba5TXI/rs:fit:512:512/wm:0.95:sowe:18:18:0.33/Z3M6Ly9nZW5lcmF0/ZWQtcGhvdG9zL3Yz/XzAzOTE1NTMuanBn.jpg,2.736842105263158,2.736842105263158,1.7894736842105263,6.722222222222222,2.6842105263157894,6.157894736842105,6.684210526315789,6.473684210526316,7.052631578947368,7.105263157894737,0.5789473684210527,1.5789473684210527,0,0,1,1,-0.42105263157894735,0
https://images.generated.photos/mZGlKWu6xVNTOUNvdOH5nPftjIJBWNZzFHQ4Kz9bWMs/rs:fit:512:512/wm:0.95:sowe:18:18:0.33/Z3M6Ly9nZW5lcmF0/ZWQtcGhvdG9zL3Yz/XzAwOTMyNTAuanBn.jpg,2.5454545454545454,3.0454545454545454,1.0909090909090908,6.545454545454546,2.8181818181818183,5.5,3.772727272727273,7.454545454545454,7.7727272727272725,6.909090909090909,0,2,1,1,0,0,0,0
https://images.generated.photos/n4XM-EXF0Imn3b_djS1EZB5Z0MogX341Q9H3BPLklUI/rs:fit:512:512/wm:0.95:sowe:18:18:0.33/Z3M6Ly9nZW5lcmF0/ZWQtcGhvdG9zLzA2/NzA1OTQuanBn.jpg,2.36,2.92,1.6,6.4,2.72,5.68,7.8,8.4,8.32,7.56,0.92,1.88,0.08,0,1,0,-0.07999999999999996,0.08
https://images.generated.photos/Naa3MdKDIQ-i6Pk_A88KGVrFxabNy_wvK6EZ1ePvxQg/rs:fit:512:512/wm:0.95:sowe:18:18:0.33/Z3M6Ly9nZW5lcmF0/ZWQtcGhvdG9zL3Yz/XzAxNjkzMDVfMDQ2/MTU3M18wNDM1Mjgw/LmpwZw.jpg,2.45,3.2,1.45,7.3,2.9,5.95,4.15,7.9,7.7,7.55,0,1.95,0.9,1,0,0,0,-0.09999999999999998
https://images.generated.photos/NDkym_7vzFlVuflA0ERL1FiPGQRo4JBW3C6dh9yw3dk/rs:fit:512:512/wm:0.95:sowe:18:18:0.33/Z3M6Ly9nZW5lcmF0/ZWQtcGhvdG9zL3Yz/XzAyNDQyNTYuanBn.jpg,2.35,2.5,1.5,6.35,3,5.75,7.9,7.8,7.7,7,0.95,1.75,0.6,1,1,0,-0.050000000000000044,-0.4
https://images.generated.photos/NHaexe0xMTbpLJxEBKG6W1f53EAh_MjsL_Tf9-A0u1A/rs:fit:512:512/wm:0.95:sowe:18:18:0.33/Z3M6Ly9nZW5lcmF0/ZWQtcGhvdG9zL3Yz/XzAxMzEwNjguanBn.jpg,2.375,2.6875,1.5,7.0625,2.875,7.0625,3.8125,7.5,7.625,7.125,0,1.875,0.3125,0,0,1,0,0.3125
https://images.generated.photos/Nj-_-LRs-eWhGPK70bgxSaU72BJL3vh3FY-atRNtBQ0/rs:fit:512:512/wm:0.95:sowe:18:18:0.33/Z3M6Ly9nZW5lcmF0/ZWQtcGhvdG9zL3Yz/XzA0NDI1MTIuanBn.jpg,2.5161290322580645,3.225806451612903,1.8064516129032258,6.1,2.8333333333333335,6.483870967741935,7.645161290322581,7.774193548387097,7.838709677419355,6.870967741935484,0.7419354838709677,1.6774193548387097,0.41935483870967744,1,1,1,-0.25806451612903225,-0.5806451612903225
https://images.generated.photos/njFKXJ5FBWuoUu3o_56INGT1dQCN1Z5wGDbTiCsEYRI/rs:fit:512:512/wm:0.95:sowe:18:18:0.33/Z3M6Ly9nZW5lcmF0/ZWQtcGhvdG9zL3Yz/XzA0Njk5ODZfMDY2/NjQ2Ml8wMzk3Mzk2/LmpwZw.jpg,2.411764705882353,3.1470588235294117,1.606060606060606,6.212121212121212,2.8529411764705883,5.882352941176471,6.911764705882353,6.794117647058823,6.647058823529412,5.470588235294118,0.5,1.5,0.9705882352941176,1,0,1,0.5,-0.02941176470588236
https://images.generated.photos/NtsT6H5S0MN1iMZviu8o40hTsaeA6xvVCGgjb5Yac0o/rs:fit:512:512/wm:0.95:sowe:18:18:0.33/Z3M6Ly9nZW5lcmF0/ZWQtcGhvdG9zL3Yz/XzAzNjM5OTUuanBn.jpg,2.5,3.1666666666666665,1.6666666666666667,6.043478260869565,2.7916666666666665,6.25,8.25,8.25,7.916666666666667,7.291666666666667,0.9583333333333334,1.9583333333333333,0.2916666666666667,1,1,0,-0.04166666666666663,-0.7083333333333333
https://images.generated.photos/O-0VIHt5l2TiTW6bQi8Z131BsOSersqqjoRU346xFIk/rs:fit:512:512/wm:0.95:sowe:18:18:0.33/Z3M6Ly9nZW5lcmF0/ZWQtcGhvdG9zL3Yz/XzA3NTEzODdfMDMw/MzY5MF8wODc5MzQw/LmpwZw.jpg,2.32,3.12,1.72,6.56,2.9166666666666665,6.4,7.52,8.28,8.2,7.92,0.96,1.92,0.68,1,1,0,-0.040000000000000036,-0.31999999999999995
https://images.generated.photos/okrGo0tIzoMxqrBYCFNao1kZdLNhfB08ANok9rx9aWY/rs:fit:512:512/wm:0.95:sowe:18:18:0.33/Z3M6Ly9nZW5lcmF0/ZWQtcGhvdG9zL3Yz/XzA1NTQzNDYuanBn.jpg,2.576923076923077,3.0384615384615383,1.5,5.5,2.769230769230769,5.230769230769231,3.5,7.6923076923076925,7.153846153846154,7.115384615384615,0,1.8461538461538463,0.038461538461538464,0,0,1,0,0.038461538461538464
https://images.generated.photos/OnrZsl77lUN_idCxrauzcUhpkB0xCZ3Zk37zzLVMWww/rs:fit:512:512/wm:0.95:sowe:18:18:0.33/Z3M6Ly9nZW5lcmF0/ZWQtcGhvdG9zL3Yz/XzAwMDI3MzNfMDAy/NzY3OF8wOTc5NTY5/LmpwZw.jpg,2.4,2.76,1.2,6.76,2.84,6,4.96,6.44,6.64,6.8,0.04,1.64,0.96,1,0,1,0.04,-0.040000000000000036
https://images.generated.photos/opKJWlzA1vh-yj6x9cczhGRYPAw3RDtKUq8zj-DVc3Y/rs:fit:512:512/wm:0.95:sowe:18:18:0.33/Z3M6Ly9nZW5lcmF0/ZWQtcGhvdG9zL3Yz/XzAyMjc0OTYuanBn.jpg,2.72,3.36,1.6,6.16,2.8,4.92,8.32,8.16,7.72,8,0.96,1.96,0.84,1,1,0,-0.040000000000000036,-0.16000000000000003
https://images.generated.photos/oQJ6nPqSHKi8tBYoewQLTAB5UjsAL1VbTQOtp885ojs/rs:fit:512:512/wm:0.95:sowe:18:18:0.33/Z3M6Ly9nZW5lcmF0/ZWQtcGhvdG9zL3Yz/XzA3NDEyMTIuanBn.jpg,2.5277777777777777,3.0277777777777777,1.4444444444444444,6,2.7941176470588234,5.416666666666667,8.277777777777779,7.583333333333333,7.555555555555555,7,0.8611111111111112,1.75,0.027777777777777776,0,1,1,-0.13888888888888884,0.027777777777777776
https://images.generated.photos/ouLeFOzgGnPJ0EDK7BiddGq-A2mARtnKuVQgXSPCZw0/rs:fit:512:512/wm:0.95:sowe:18:18:0.33/Z3M6Ly9nZW5lcmF0/ZWQtcGhvdG9zL3Yz/XzAwOTI3MzUuanBn.jpg,2.642857142857143,2.9642857142857144,1.3928571428571428,6.107142857142857,2.607142857142857,4.857142857142857,7.142857142857143,7.142857142857143,7.535714285714286,6.928571428571429,1,1.8571428571428572,0.42857142857142855,1,1,0,0,-0.5714285714285714
https://images.generated.photos/p38xZ3c36PwIjI1yNPEnBsqI-wgrUCfhdw3_2-zZtRY/rs:fit:512:512/wm:0.95:sowe:18:18:0.33/Z3M6Ly9nZW5lcmF0/ZWQtcGhvdG9zL3Yz/XzA2NTQxMTYuanBn.jpg,2.526315789473684,2.789473684210526,1.7894736842105263,6.947368421052632,2.6666666666666665,7.421052631578948,4.526315789473684,7.7894736842105265,8.526315789473685,7.684210526315789,0.05263157894736842,1.894736842105263,0.05263157894736842,0,0,1,0.05263157894736842,0.05263157894736842
https://images.generated.photos/p9dhu46-yd4tW5nE0_1cSvUgwoSy7f86LcNd5Tc01pA/rs:fit:512:512/wm:0.95:sowe:18:18:0.33/Z3M6Ly9nZW5lcmF0/ZWQtcGhvdG9zL3Yz/XzAwNzU1NzcuanBn.jpg,2.5652173913043477,3,1.5217391304347827,5.913043478260869,2.8260869565217392,5.695652173913044,7.260869565217392,7.695652173913044,7.608695652173913,6.695652173913044,0.9130434782608695,1.7826086956521738,0.17391304347826086,0,1,0,-0.08695652173913049,0.17391304347826086
https://images.generated.photos/pQRReVqO_3qSZdZpCDkTgKcpq5wPWNQaxaInsCWbuGs/rs:fit:512:512/wm:0.95:sowe:18:18:0.33/Z3M6Ly9nZW5lcmF0/ZWQtcGhvdG9zL3Yz/XzAwMzc3NDAuanBn.jpg,2.64,3.28,1.36,6.666666666666667,2.92,4.88,6.92,7.72,8.04,6.92,0.92,1.6,0.08,0,1,1,-0.07999999999999996,0.08
https://images.generated.photos/Q-dNcK0OZ64Flw7B_eXgyoaReow22u5qQUv8sOTCVYI/rs:fit:512:512/wm:0.95:sowe:18:18:0.33/Z3M6Ly9nZW5lcmF0/ZWQtcGhvdG9zL3Yz/XzA5NDk1ODIuanBn.jpg,2.6153846153846154,2.5384615384615383,1.6923076923076923,6.923076923076923,2.76,5.038461538461538,3.5,7.461538461538462,7.5,7.346153846153846,0,2,0.038461538461538464,0,0,0,0,0.038461538461538464
https://images.generated.photos/q6qbZTBGUTLRPUAxRiZgCw4i6LJww55flDbF0CPw0t0/rs:fit:512:512/wm:0.95:sowe:18:18:0.33/Z3M6Ly9nZW5lcmF0/ZWQtcGhvdG9zL3Yz/XzA3ODM1NDAuanBn.jpg,2.5,3.2222222222222223,1.9444444444444444,6.352941176470588,2.8125,6,7.611111111111111,8.777777777777779,7.277777777777778,7.833333333333333,0.8333333333333334,1.9444444444444444,0.05555555555555555,0,1,0,-0.16666666666666663,0.05555555555555555
https://images.generated.photos/qBMCzk-GjsyKN8BEcbtMxhG5T5u_CkqQCitEzVVEtxU/rs:fit:512:512/wm:0.95:sowe:18:18:0.33/Z3M6Ly9nZW5lcmF0/ZWQtcGhvdG9zL3Yz/XzAwNDMxNDYuanBn.jpg,2.46875,3.25,1.46875,6.125,2.774193548387097,5.3125,3.375,6.96875,7.1875,7.09375,0,1.875,0.09375,0,0,0,0,0.09375
https://images.generated.photos/QkPg7TFyP6G5i9QYIXFgfsDhV8J-qyK55WOSKe1N3tI/rs:fit:512:512/wm:0.95:sowe:18:18:0.33/Z3M6Ly9nZW5lcmF0/ZWQtcGhvdG9zL3Yz/XzA5NDIyMDkuanBn.jpg,2.5,2.85,1.4736842105263157,6.35,2.9,6.1,4,6.55,7.5,6.45,0,1.95,0.2,0,0,0,0,0.2
https://images.generated.photos/QMhc7y8VsN9Ta0gCyjDSaX7MVKg670PiveSYTYZACoY/rs:fit:512:512/wm:0.95:sowe:18:18:0.33/Z3M6Ly9nZW5lcmF0/ZWQtcGhvdG9zL3Yz/XzA0NDY5ODIuanBn.jpg,2.388888888888889,3.0555555555555554,1.6666666666666667,5.666666666666667,2.764705882352941,3.9444444444444446,4.055555555555555,7.166666666666667,6.777777777777778,6.388888888888889,0,1.8888888888888888,0.2222222222222222,0,0,1,0,0.2222222222222222
https://images.generated.photos/qSCCsZHcla4YvG9TrFPLz5b5mC5ilQxj5CcYlykRfkM/rs:fit:512:512/wm:0.95:sowe:18:18:0.33/Z3M6Ly9nZW5lcmF0/ZWQtcGhvdG9zL3Yz/XzA4MjM4OTBfMDg4/OTc2NF8wOTQ4ODg4/LmpwZw.jpg,2.4210526315789473,3,1.0526315789473684,5.947368421052632,2.8947368421052633,7.157894736842105,7.421052631578948,7,7.421052631578948,6.684210526315789,0.8421052631578947,1.736842105263158,0.9473684210526315,1,0,1,0.8421052631578947,-0.052631578947368474
https://images.generated.photos/QsnCLpnMgFnPlZgQ0WKXBdHrP1GbA11oZ0GNBOrPChk/rs:fit:512:512/wm:0.95:sowe:18:18:0.33/Z3M6Ly9nZW5lcmF0/ZWQtcGhvdG9zL3Yz/XzAzODk5MDguanBn.jpg,2.5217391304347827,2.9130434782608696,1.6521739130434783,5.956521739130435,2.909090909090909,6,4.869565217391305,7.956521739130435,7.913043478260869,7.521739130434782,0,1.8695652173913044,0.08695652173913043,0,0,1,0,0.08695652173913043
https://images.generated.photos/Rb6RRNVz-tLaQ35tUmaniOVEp6mGsd4nH4rC-IsSkQk/rs:fit:512:512/wm:0.95:sowe:18:18:0.33/Z3M6Ly9nZW5lcmF0/ZWQtcGhvdG9zL3Yz/XzAyNjk4MjEuanBn.jpg,2.5833333333333335,3.1666666666666665,1.3333333333333333,5.583333333333333,2.7916666666666665,4.166666666666667,2.875,7.5,7.208333333333333,7.041666666666667,0,1.9166666666666667,0.125,0,0,0,0,0.125
https://images.generated.photos/Ri3IqgjblsQh0hwzrfXlM9syqoL58NoKTWUEhlSMiRg/rs:fit:512:512/wm:0.95:sowe:18:18:0.33/Z3M6Ly9nZW5lcmF0/ZWQtcGhvdG9zL3Yz/XzA0NTgyOTEuanBn.jpg,2.6,3.1333333333333333,1.3333333333333333,6.566666666666666,2.6666666666666665,5.8,7.966666666666667,8.1,7.633333333333334,7.533333333333333,1,1.8666666666666667,0.13333333333333333,0,1,0,0,0.13333333333333333
https://images.generated.photos/RkbJvI19UGaWdF4y31jEOLzLtjqiXKxMRiSkXhLfH-8/rs:fit:512:512/wm:0.95:sowe:18:18:0.33/Z3M6Ly9nZW5lcmF0/ZWQtcGhvdG9zL3Yz/XzA0NjM4NzkuanBn.jpg,2.3846153846153846,2.8846153846153846,1.72,5.538461538461538,2.84,4.3076923076923075,4.076923076923077,6.923076923076923,6.576923076923077,5.6923076923076925,0.038461538461538464,1.6923076923076923,0,0,0,0,0.038461538461538464,0
https://images.generated.photos/Rlp_pyNa6Yxr5Wi-9VAvi4ETRh05M-V2oUf4xurOBBA/rs:fit:512:512/wm:0.95:sowe:18:18:0.33/Z3M6Ly9nZW5lcmF0/ZWQtcGhvdG9zL3Yz/XzAxNjkzMDVfMDQ2/MTU3M18wNzUyNTgw/LmpwZw.jpg,2.3636363636363638,3.0454545454545454,1.3181818181818181,6.590909090909091,2.6666666666666665,5.318181818181818,3.1818181818181817,6.7272727272727275,6.454545454545454,6.590909090909091,0.045454545454545456,1.8181818181818181,0.9090909090909091,1,0,0,0.045454545454545456,-0.09090909090909094
https://images.generated.photos/ROv_x_U83eAs3WThBBpa7P_MgssLsAX38rzSUlYbG48/rs:fit:512:512/wm:0.95:sowe:18:18:0.33/Z3M6Ly9nZW5lcmF0/ZWQtcGhvdG9zL3Yz/XzA5ODE1MTMuanBn.jpg,2.4,3.033333333333333,1.4137931034482758,6.275862068965517,2.7666666666666666,5.066666666666666,7.933333333333334,7.166666666666667,7.333333333333333,6.433333333333334,0.9333333333333333,1.7333333333333334,0.6333333333333333,1,1,1,-0.06666666666666665,-0.3666666666666667
https://images.generated.photos/ry8wOSLYWaRGySjZ5bS2qphcgPa9A3PBexNKBdmGGXA/rs:fit:512:512/wm:0.95:sowe:18:18:0.33/Z3M6Ly9nZW5lcmF0/ZWQtcGhvdG9zL3Yz/XzA3NDY4NjAuanBn.jpg,2.423076923076923,2.8846153846153846,1.2307692307692308,6.346153846153846,2.84,4.8076923076923075,5.769230769230769,6.884615384615385,7.115384615384615,5.961538461538462,0.11538461538461539,1.8461538461538463,0.46153846153846156,0,0,1,0.11538461538461539,0.46153846153846156
https://images.generated.photos/SqG7C1DFFlZW4Urg2GMrvMcRVgH90d7fFcZLMxeEy6Q/rs:fit:512:512/wm:0.95:sowe:18:18:0.33/Z3M6Ly9nZW5lcmF0/ZWQtcGhvdG9zL3Yz/XzA2Njk2NDEuanBn.jpg,2.4,3.45,1.3,5.95,2.8,5.1,3.1,7.3,6.95,6.4,0,1.9,0.3,0,0,0,0,0.3
https://images.generated.photos/sruWpLpAf6524YYLrqojp0Q0BIjvtKu7K1xg8tnvMcA/rs:fit:512:512/wm:0.95:sowe:18:18:0.33/Z3M6Ly9nZW5lcmF0/ZWQtcGhvdG9zL3Yz/XzAzMTI2MDVfMDQw/MTUwMF8wNDI5Nzg2/LmpwZw.jpg,2.4482758620689653,3.103448275862069,1.3103448275862069,6.214285714285714,2.8275862068965516,5.241379310344827,3.3448275862068964,7.0344827586206895,6.896551724137931,6.862068965517241,0.034482758620689655,1.9655172413793103,1,1,0,0,0.034482758620689655,0
https://images.generated.photos/sz_QLxySO-ikdYSEe-jzDbci0twzx-Q06nu7PE2eUss/rs:fit:512:512/wm:0.95:sowe:18:18:0.33/Z3M6Ly9nZW5lcmF0/ZWQtcGhvdG9zL3Yz/XzAzMzU0MjMuanBn.jpg,2.625,3.2083333333333335,1.7083333333333333,6.6521739130434785,2.7083333333333335,5.791666666666667,6.458333333333333,6.75,6.958333333333333,6.333333333333333,0.4166666666666667,1.7083333333333333,0.6666666666666666,1,1,1,-0.5833333333333333,-0.33333333333333337
https://images.generated.photos/T3YqNLyTYYW27wZ0H4VSGTkFkpz4omQTVVTVbmEmRN0/rs:fit:512:512/wm:0.95:sowe:18:18:0.33/Z3M6Ly9nZW5lcmF0/ZWQtcGhvdG9zL3Yz/XzA3MDc1ODMuanBn.jpg,2.5142857142857142,3.2,1.6285714285714286,6.485714285714286,2.878787878787879,5.6,7.514285714285714,7.628571428571429,7.142857142857143,6.257142857142857,0.9428571428571428,1.7428571428571429,0.42857142857142855,1,1,1,-0.05714285714285716,-0.5714285714285714
https://images.generated.photos/tNm6L6t6sc0D5FAoOy4RbzOS79DgJOlFyGGb5igqrlM/rs:fit:512:512/wm:0.95:sowe:18:18:0.33/Z3M6Ly9nZW5lcmF0/ZWQtcGhvdG9zL3Yz/XzAyMjA2NTYuanBn.jpg,2.4827586206896552,2.9310344827586206,1.1724137931034482,6.172413793103448,2.7857142857142856,4.9655172413793105,3.6551724137931036,6.931034482758621,6.482758620689655,6.103448275862069,0,1.9310344827586208,0.4482758620689655,0,0,0,0,0.4482758620689655
https://images.generated.photos/tP6kYpLh7uNmk07-VuF0HMyrzh0LjOkn2CpaAgc1e48/rs:fit:512:512/wm:0.95:sowe:18:18:0.33/Z3M6Ly9nZW5lcmF0/ZWQtcGhvdG9zL3Yz/XzAyNDc2MjQuanBn.jpg,2.5,2.5,1.3214285714285714,6.285714285714286,2.8214285714285716,5.428571428571429,7.178571428571429,8,7.857142857142857,7.035714285714286,1,1.8571428571428572,0.21428571428571427,1,1,0,0,-0.7857142857142857
https://images.generated.photos/tQIJhK9FMYETuo3ulH8qZlJYa_8BdAGlJ2oMBa8rx3I/rs:fit:512:512/wm:0.95:sowe:18:18:0.33/Z3M6Ly9nZW5lcmF0/ZWQtcGhvdG9zL3Yz/XzAwMTI1NDZfMDQ5/MTQxMV8wODM1MTQ1/LmpwZw.jpg,2.3076923076923075,3.3461538461538463,1.4230769230769231,6.28,3,6.1923076923076925,6,7.153846153846154,7.538461538461538,6.423076923076923,0.19230769230769232,1.6538461538461537,0.9615384615384616,1,0,1,0.19230769230769232,-0.038461538461538436
https://images.generated.photos/tXz_aMVaZTdvhCr4XeOP1_hwH2zflChBXJ4TpXFxWNU/rs:fit:512:512/wm:0.95:sowe:18:18:0.33/Z3M6Ly9nZW5lcmF0/ZWQtcGhvdG9zL3Yz/XzA3NTI2OTIuanBn.jpg,2.4615384615384617,2.8846153846153846,2.076923076923077,6.3076923076923075,2.769230769230769,5.269230769230769,7.3076923076923075,6.8076923076923075,6.769230769230769,5.846153846153846,0.5769230769230769,1.6538461538461537,0.6538461538461539,1,1,1,-0.42307692307692313,-0.34615384615384615
https://images.generated.photos/U3HmXFmTfrvaUY3n9dssSzr1fNpVPK9E3l84f934-uY/rs:fit:512:512/wm:0.95:sowe:18:18:0.33/Z3M6Ly9nZW5lcmF0/ZWQtcGhvdG9zL3Yz/XzA1NjEwMDcuanBn.jpg,2.5185185185185186,3.5185185185185186,1.5185185185185186,6.518518518518518,2.8846153846153846,5.444444444444445,3.6296296296296298,6.777777777777778,7.074074074074074,7.555555555555555,0.037037037037037035,1.9259259259259258,0.3333333333333333,0,0,0,0.037037037037037035,0.3333333333333333
https://images.generated.photos/U8Pr2RIp6ZI6mZ4DxuC1eTompBZKWaC-U4JgluknM8s/rs:fit:512:512/wm:0.95:sowe:18:18:0.33/Z3M6Ly9nZW5lcmF0/ZWQtcGhvdG9zL3Yz/XzAxMDMwMjhfMDQz/NzQ2NV8wMDEwMDU1/LmpwZw.jpg,2.44,3.76,1.6,6.4,2.875,6.08,4.48,7.6,7.32,8.16,0,1.96,0.84,1,0,0,0,-0.16000000000000003
https://images.generated.photos/ubVvVcu2f2kHYy-rVFZmP74P0BdgqWmNKnjfo3Y65NE/rs:fit:512:512/wm:0.95:sowe:18:18:0.33/Z3M6Ly9nZW5lcmF0/ZWQtcGhvdG9zL3Yz/XzA0OTE3NThfMDQy/MjQxOF8wNDcyMTk1/LmpwZw.jpg,2.526315789473684,3.1315789473684212,1.263157894736842,7.2105263157894735,2.9210526315789473,5.315789473684211,4.052631578947368,6.868421052631579,6.657894736842105,6.973684210526316,0,1.9210526315789473,0.8947368421052632,1,0,0,0,-0.10526315789473684
https://images.generated.photos/Ud8BLwRZoJ0yDdTDeoLQeh0HES-c6K1JZbIk4FSbt7c/rs:fit:512:512/wm:0.95:sowe:18:18:0.33/Z3M6Ly9nZW5lcmF0/ZWQtcGhvdG9zL3Yz/XzA3MjY4NTAuanBn.jpg,2.4210526315789473,3.263157894736842,1.8333333333333333,5.8,2.9473684210526314,5.315789473684211,7.421052631578948,8.052631578947368,8.210526315789474,7.368421052631579,0.9473684210526315,1.9473684210526316,0.21052631578947367,0,1,0,-0.052631578947368474,0.21052631578947367
https://images.generated.photos/UFdTTCgkUhtGXpP4I_4s9sKfjAUZJYDBeGySICo04lo/rs:fit:512:512/wm:0.95:sowe:18:18:0.33/Z3M6Ly9nZW5lcmF0/ZWQtcGhvdG9zL3Yz/XzAxNTg4NzUuanBn.jpg,2.4782608695652173,2.9130434782608696,1.9130434782608696,6.695652173913044,2.727272727272727,4.869565217391305,4.782608695652174,7.304347826086956,7.173913043478261,6.695652173913044,0.043478260869565216,1.7826086956521738,0,0,0,1,0.043478260869565216,0
https://images.generated.photos/UI1omYXSNT2iU7BxZxKpCdhlRAUw2-Udk5vWsz-GHws/rs:fit:512:512/wm:0.95:sowe:18:18:0.33/Z3M6Ly9nZW5lcmF0/ZWQtcGhvdG9zL3Yz/XzAzNzc1NjUuanBn.jpg,2.526315789473684,3.1052631578947367,1.4736842105263157,6.684210526315789,2.7058823529411766,5.473684210526316,3.1578947368421053,7.473684210526316,7.947368421052632,8,0,1.7894736842105263,0.15789473684210525,0,0,1,0,0.15789473684210525
https://images.generated.photos/umjQxUEVfgf2detrp2z6PN7RZPUVg9MjL2EW9dKHlpU/rs:fit:512:512/wm:0.95:sowe:18:18:0.33/Z3M6Ly9nZW5lcmF0/ZWQtcGhvdG9zL3Yz/XzA1NTY0ODkuanBn.jpg,2.6,3.6,1.5,7,2.95,5.25,8.1,7.7,7.75,7.35,1,1.95,0.05,0,1,0,0,0.05
https://images.generated.photos/UwWBnntKmHm8Su3_MsOAraKbgoYW_YYK2O5LsRSw_Lk/rs:fit:512:512/wm:0.95:sowe:18:18:0.33/Z3M6Ly9nZW5lcmF0/ZWQtcGhvdG9zL3Yz/XzAwNTA1MTIuanBn.jpg,2.5,3.0357142857142856,2.0357142857142856,6.035714285714286,2.7857142857142856,5.285714285714286,6.428571428571429,7.214285714285714,7.178571428571429,5.357142857142857,0.6071428571428571,1.6785714285714286,0.10714285714285714,0,1,1,-0.3928571428571429,0.10714285714285714
https://images.generated.photos/v-H071bqEUJ8HOq3Ie_uHW_LHlBdYJ9Gwq5FBJMVCdA/rs:fit:512:512/wm:0.95:sowe:18:18:0.33/Z3M6Ly9nZW5lcmF0/ZWQtcGhvdG9zL3Yz/XzA5NzU2NjMuanBn.jpg,2.5555555555555554,2.740740740740741,1.5555555555555556,6.148148148148148,2.8518518518518516,5.962962962962963,7.148148148148148,7.888888888888889,7.296296296296297,6.962962962962963,0.8888888888888888,1.7407407407407407,0.4444444444444444,1,1,1,-0.11111111111111116,-0.5555555555555556
https://images.generated.photos/v18-MsbjRdc0OqFtVRjWb5jg_I344XvldIKNuVRcdEM/rs:fit:512:512/wm:0.95:sowe:18:18:0.33/Z3M6Ly9nZW5lcmF0/ZWQtcGhvdG9zL3Yz/XzA2MzU2MTkuanBn.jpg,2.65,2.8,1.25,6.85,2.6842105263157894,5.75,3.7,6.15,6.45,6.35,0,1.95,1,1,0,0,0,0
https://images.generated.photos/v2-wXzWVYvACbeldjq9gNRS1ZX7zfwR1Tu7PPfXNkQw/rs:fit:512:512/wm:0.95:sowe:18:18:0.33/Z3M6Ly9nZW5lcmF0/ZWQtcGhvdG9zL3Yz/XzAxNzM5ODYuanBn.jpg,2.5,2.933333333333333,1.4482758620689655,6.310344827586207,2.9,5.8,7.033333333333333,7.433333333333334,7.633333333333334,6.3,0.8666666666666667,1.6333333333333333,0.1,0,1,1,-0.1333333333333333,0.1
https://images.generated.photos/vD4glZL2D_naWDcZMP9sRLKi38LokF5SlN_MtUEP5ls/rs:fit:512:512/wm:0.95:sowe:18:18:0.33/Z3M6Ly9nZW5lcmF0/ZWQtcGhvdG9zL3Yz/XzA1NTYzNDIuanBn.jpg,2.3461538461538463,3.3846153846153846,1.2692307692307692,6.115384615384615,2.6538461538461537,4.6923076923076925,8.192307692307692,7.461538461538462,7.576923076923077,6.884615384615385,1,1.8846153846153846,0.5384615384615384,1,1,0,0,-0.46153846153846156
https://images.generated.photos/vgcgBdq1AUma3stYwJaVkMqXoXebGk8ZtwAXBpZhN40/rs:fit:512:512/wm:0.95:sowe:18:18:0.33/Z3M6Ly9nZW5lcmF0/ZWQtcGhvdG9zL3Yz/XzAwMTI1MTQuanBn.jpg,2.5,2.7222222222222223,1.3333333333333333,6.166666666666667,2.7777777777777777,4.666666666666667,4.277777777777778,7.944444444444445,7.944444444444445,7.222222222222222,0,1.8333333333333333,0.16666666666666666,0,0,0,0,0.16666666666666666
https://images.generated.photos/VJJHdUcNq8XSenyk2GLucSGK9OSCNxP4qMCJsKaWswU/rs:fit:512:512/wm:0.95:sowe:18:18:0.33/Z3M6Ly9nZW5lcmF0/ZWQtcGhvdG9zL3Yz/XzA2MjkzODBfMDMx/MjQzM18wMTc0Njg5/LmpwZw.jpg,2.6176470588235294,2.823529411764706,1.3333333333333333,6.303030303030303,2.696969696969697,5.5,5.0588235294117645,7,6.970588235294118,6.764705882352941,0.11764705882352941,1.7352941176470589,1,1,0,1,0.11764705882352941,0
https://images.generated.photos/VRF09pEyGrpCcpBpvS__HutR8c1ExnNMJhxEWYuKzuY/rs:fit:512:512/wm:0.95:sowe:18:18:0.33/Z3M6Ly9nZW5lcmF0/ZWQtcGhvdG9zL3Yz/XzA4NzA1MzAuanBn.jpg,2.388888888888889,3.5,1.6857142857142857,6.428571428571429,2.8333333333333335,5.25,6.722222222222222,6.777777777777778,6.694444444444445,6.277777777777778,0.5555555555555556,1.6666666666666667,0.1111111111111111,0,1,1,-0.4444444444444444,0.1111111111111111
https://images.generated.photos/vxo8RbqBtf84JPO2NJzNkNYwGWJUrbSXOfiZIuQnnB4/rs:fit:512:512/wm:0.95:sowe:18:18:0.33/Z3M6Ly9nZW5lcmF0/ZWQtcGhvdG9zL3Yz/XzA2MjY2NjJfMDc4/NjA4OF8wODg3MzA0/LmpwZw.jpg,2.56,3.4,1.4,6.083333333333333,2.92,4.8,2.24,7.2,7.28,6.72,0,1.88,0.96,1,0,0,0,-0.040000000000000036
https://images.generated.photos/w2TPpC47QDnvhjoWwttmU2ec-JnTehew1BOG0PgO5Qk/rs:fit:512:512/wm:0.95:sowe:18:18:0.33/Z3M6Ly9nZW5lcmF0/ZWQtcGhvdG9zL3Yz/XzAwNjM4NzQuanBn.jpg,2.5238095238095237,3.142857142857143,1.1428571428571428,5.571428571428571,2.8095238095238093,5.142857142857143,4.380952380952381,7.238095238095238,7.476190476190476,6.666666666666667,0,1.7142857142857142,0,0,0,0,0,0
https://images.generated.photos/we08uV0enTJf__rZUtm8amyKwYyDTzCqTF3XtNBzG5U/rs:fit:512:512/wm:0.95:sowe:18:18:0.33/Z3M6Ly9nZW5lcmF0/ZWQtcGhvdG9zL3Yz/XzAzOTY0MTYuanBn.jpg,2.3333333333333335,3.433333333333333,1.3666666666666667,5.866666666666666,2.6666666666666665,5.6,8.133333333333333,8.366666666666667,8.4,8.7,0.9666666666666667,1.9,0.5666666666666667,1,1,0,-0.033333333333333326,-0.43333333333333335
https://images.generated.photos/WGlH_fhSLl61diA3TVEO0Iakq0jrx3DNCBBq6N1FSBk/rs:fit:512:512/wm:0.95:sowe:18:18:0.33/Z3M6Ly9nZW5lcmF0/ZWQtcGhvdG9zL3Yz/XzA1NTg0NjYuanBn.jpg,2.409090909090909,3.5,1.1363636363636365,5.409090909090909,2.909090909090909,5.5,5.090909090909091,7.636363636363637,7.636363636363637,7.454545454545454,0.045454545454545456,1.8181818181818181,0.5,0,0,1,0.045454545454545456,0.5
https://images.generated.photos/WMSOEYjVTOBcPKPe9s-tfYKcxnAYDu5BwrWX8hC35Rg/rs:fit:512:512/wm:0.95:sowe:18:18:0.33/Z3M6Ly9nZW5lcmF0/ZWQtcGhvdG9zL3Yz/XzA2MzI5MzhfMDkw/MDE0Ml8wNTk5OTAw/LmpwZw.jpg,2.4615384615384617,3.269230769230769,1.3461538461538463,6.230769230769231,2.6153846153846154,4.3076923076923075,6.576923076923077,7.6923076923076925,7.730769230769231,6.653846153846154,0.3076923076923077,1.6538461538461537,0.9615384615384616,1,0,1,0.3076923076923077,-0.038461538461538436
https://images.generated.photos/Wogow-JkGU8KsYrliGFwX6FEsI8OXHHJRvn1mZoID8s/rs:fit:512:512/wm:0.95:sowe:18:18:0.33/Z3M6Ly9nZW5lcmF0/ZWQtcGhvdG9zL3Yz/XzA5ODYwMTVfMDky/MTc0OF8wODcyMDQ5/LmpwZw.jpg,2.5925925925925926,2.962962962962963,1.5555555555555556,6.814814814814815,2.7777777777777777,5.111111111111111,3.888888888888889,7.296296296296297,6.888888888888889,6.111111111111111,0,1.7777777777777777,0.8518518518518519,1,0,0,0,-0.14814814814814814
https://images.generated.photos/WwDJ6fwrm0vOPP_Dg7JmULeEcnMM3MJIRsv5gNh30cY/rs:fit:512:512/wm:0.95:sowe:18:18:0.33/Z3M6Ly9nZW5lcmF0/ZWQtcGhvdG9zL3Yz/XzAxMjkzMjguanBn.jpg,2.5217391304347827,2.782608695652174,1.5217391304347827,6.739130434782608,2.909090909090909,6.739130434782608,4.521739130434782,7.260869565217392,7.173913043478261,6.260869565217392,0.043478260869565216,1.6521739130434783,0.043478260869565216,0,0,1,0.043478260869565216,0.043478260869565216
https://images.generated.photos/wyb8ARmHvDgw-sYUqRHaN3Ijxawot6DU_fHa_fZpsZE/rs:fit:512:512/wm:0.95:sowe:18:18:0.33/Z3M6Ly9nZW5lcmF0/ZWQtcGhvdG9zL3Yz/XzA2ODEyNTQuanBn.jpg,2.2,2.7,1.5,5.45,2.8,6.65,8.1,7.75,7.5,6.85,1,1.95,0.8,1,1,0,0,-0.19999999999999996
https://images.generated.photos/XC5iztFXWTakH1O-O5qdN54RVCwXbpkIaZww1kDW8E4/rs:fit:512:512/wm:0.95:sowe:18:18:0.33/Z3M6Ly9nZW5lcmF0/ZWQtcGhvdG9zL3Yz/XzA2MDI1NTAuanBn.jpg,2.4444444444444446,3.6296296296296298,1.4074074074074074,6.888888888888889,2.925925925925926,4.962962962962963,8.222222222222221,7.296296296296297,6.925925925925926,6.703703703703703,0.9629629629629629,1.8148148148148149,0.25925925925925924,1,1,1,-0.03703703703703709,-0.7407407407407407
https://images.generated.photos/XHZENoY1f252cBmQUPNsfub0VmBZXwg035LwUGQxyh8/rs:fit:512:512/wm:0.95:sowe:18:18:0.33/Z3M6Ly9nZW5lcmF0/ZWQtcGhvdG9zL3Yz/XzAxOTQyNjIuanBn.jpg,2.2916666666666665,3.375,1.4583333333333333,6.869565217391305,2.9565217391304346,6.416666666666667,8,8.125,7.458333333333333,7.625,0.9583333333333334,1.8333333333333333,0.08333333333333333,0,1,0,-0.04166666666666663,0.08333333333333333
https://images.generated.photos/XyZKqZZbV1prdUzZNQufgyuRc3iKac5jdCWb-bBXzj0/rs:fit:512:512/wm:0.95:sowe:18:18:0.33/Z3M6Ly9nZW5lcmF0/ZWQtcGhvdG9zL3Yz/XzA0NzUzODkuanBn.jpg,2.230769230769231,3.3461538461538463,1.4230769230769231,6.3076923076923075,2.769230769230769,5.653846153846154,6.769230769230769,7.653846153846154,7.461538461538462,6.384615384615385,0.7307692307692307,1.5384615384615385,0.038461538461538464,0,1,1,-0.2692307692307693,0.038461538461538464
https://images.generated.photos/y051RUfhmfQoJM2QMQfw3-rriA5j0ETPSYY3OWf319E/rs:fit:512:512/wm:0.95:sowe:18:18:0.33/Z3M6Ly9nZW5lcmF0/ZWQtcGhvdG9zL3Yz/XzAzMjA0ODYuanBn.jpg,2.590909090909091,2.9545454545454546,1.619047619047619,6,2.772727272727273,5.2727272727272725,6.7727272727272725,8.318181818181818,7.7272727272727275,7.318181818181818,1,1.8181818181818181,0,0,1,0,0,0
https://images.generated.photos/y0vuTHwez37o89KgbZ_LSOM_oQVEz9dDzIxt4mF92Ho/rs:fit:512:512/wm:0.95:sowe:18:18:0.33/Z3M6Ly9nZW5lcmF0/ZWQtcGhvdG9zL3Yz/XzA3MDUzMjIuanBn.jpg,2.5517241379310347,2.6206896551724137,1.6206896551724137,7.103448275862069,2.8214285714285716,5.482758620689655,7.896551724137931,6.827586206896552,6.758620689655173,5.517241379310345,0.896551724137931,1.7586206896551724,0.5862068965517241,1,1,1,-0.10344827586206895,-0.4137931034482759
https://images.generated.photos/y19ighD2nKXulDQyMkRhwBe892gl9T6ZMPYU8CYA-mM/rs:fit:512:512/wm:0.95:sowe:18:18:0.33/Z3M6Ly9nZW5lcmF0/ZWQtcGhvdG9zL3Yz/XzAzNTg2ODQuanBn.jpg,2.4761904761904763,3.0952380952380953,1.1904761904761905,5.380952380952381,2.7,4.761904761904762,7.619047619047619,7.714285714285714,7.428571428571429,6.380952380952381,0.6666666666666666,1.7142857142857142,0.3333333333333333,1,1,1,-0.33333333333333337,-0.6666666666666667
https://images.generated.photos/YCA235Eht770MupKgkdxMyMkeT421-pD5krNIqroPEM/rs:fit:512:512/wm:0.95:sowe:18:18:0.33/Z3M6Ly9nZW5lcmF0/ZWQtcGhvdG9zL3Yz/XzA3NzkzNzYuanBn.jpg,2.3666666666666667,3.2333333333333334,1.5333333333333334,5.766666666666667,2.8333333333333335,6.033333333333333,5.466666666666667,7.333333333333333,7.233333333333333,6.9,0.13333333333333333,1.8,0.06666666666666667,0,0,1,0.13333333333333333,0.06666666666666667
https://images.generated.photos/ycDZt5gTOeGWgJwFJWLFNlp1jgJYmbME7n9rUOxmNvQ/rs:fit:512:512/wm:0.95:sowe:18:18:0.33/Z3M6Ly9nZW5lcmF0/ZWQtcGhvdG9zL3Yz/XzA4NjU1NTUuanBn.jpg,2.7241379310344827,2.5172413793103448,1.3448275862068966,6.321428571428571,2.6551724137931036,5.9655172413793105,2.586206896551724,6.137931034482759,6.482758620689655,6.448275862068965,0.034482758620689655,1.896551724137931,0.9655172413793104,1,0,0,0.034482758620689655,-0.03448275862068961
https://images.generated.photos/ycmP_uSufZfuNEgNOQPqmGoIc-PmInyPVbhSTlNGwU8/rs:fit:512:512/wm:0.95:sowe:18:18:0.33/Z3M6Ly9nZW5lcmF0/ZWQtcGhvdG9zL3Yz/XzA0MzA3MTEuanBn.jpg,2.392857142857143,3.607142857142857,1.3928571428571428,5.892857142857143,2.892857142857143,6.142857142857143,3.75,7.321428571428571,6.714285714285714,7.142857142857143,0.03571428571428571,1.9285714285714286,0.7857142857142857,1,0,0,0.03571428571428571,-0.2142857142857143
https://images.generated.photos/YGhkSdySgi1fR-R3deDFk2hnYScbyx8HXaMn-msB95E/rs:fit:512:512/wm:0.95:sowe:18:18:0.33/Z3M6Ly9nZW5lcmF0/ZWQtcGhvdG9zL3Yz/XzAxMTYyMzUuanBn.jpg,2.625,3.75,1.5833333333333333,7.083333333333333,2.9583333333333335,5.375,7.875,7.958333333333333,7.75,7.333333333333333,1,2,0.7083333333333334,1,1,0,0,-0.29166666666666663
https://images.generated.photos/Yi-wmvZGYfzpQnAcEaBwAmrOPvqGfUAIQiAH2DX-HB4/rs:fit:512:512/wm:0.95:sowe:18:18:0.33/Z3M6Ly9nZW5lcmF0/ZWQtcGhvdG9zL3Yz/XzA5NzU5NTIuanBn.jpg,2.566666666666667,2.8,1.7,6.533333333333333,2.7241379310344827,5.066666666666666,7.366666666666666,7.033333333333333,6.966666666666667,6.533333333333333,0.5666666666666667,1.7,0.06666666666666667,0,1,1,-0.43333333333333335,0.06666666666666667
https://images.generated.photos/yj7XCc4c1qphZ1_ibMg9Ll3nc7Dml7crn-EflV1y7NY/rs:fit:512:512/wm:0.95:sowe:18:18:0.33/Z3M6Ly9nZW5lcmF0/ZWQtcGhvdG9zL3Yz/XzAwNjE3MDRfMDYw/MTU5OF8wMDIwMDcy/LmpwZw.jpg,2.5,3.6,1.35,5.95,2.7,6.75,3.85,7.2,7.05,6.75,0,1.9,1,1,0,1,0,0
https://images.generated.photos/yQiTVyN1OpNr0YMB2BaaWkWD35xUH65N491IM1dlhlE/rs:fit:512:512/wm:0.95:sowe:18:18:0.33/Z3M6Ly9nZW5lcmF0/ZWQtcGhvdG9zL3Yz/XzAwODQ5NTkuanBn.jpg,2.5,2.9705882352941178,1.696969696969697,6.625,2.8484848484848486,5.5,4.264705882352941,7.470588235294118,7.029411764705882,7.411764705882353,0.058823529411764705,1.911764705882353,0.2647058823529412,0,0,1,0.058823529411764705,0.2647058823529412
https://images.generated.photos/yqtKc1ejQ2yA03FnVvrJPn-RhpBQZW3RBFrA-BecDwQ/rs:fit:512:512/wm:0.95:sowe:18:18:0.33/Z3M6Ly9nZW5lcmF0/ZWQtcGhvdG9zL3Yz/XzAzMTI0MzAuanBn.jpg,2.730769230769231,2.6153846153846154,1.8846153846153846,6.076923076923077,2.68,6.384615384615385,5.115384615384615,7.076923076923077,7.076923076923077,6.846153846153846,0.07692307692307693,1.8076923076923077,0.15384615384615385,0,0,1,0.07692307692307693,0.15384615384615385
https://images.generated.photos/YrfmDOHeUH6w9oUG1WBbZ7qHZ5Zb3UaUgkcRBuXQGgk/rs:fit:512:512/wm:0.95:sowe:18:18:0.33/Z3M6Ly9nZW5lcmF0/ZWQtcGhvdG9zL3Yz/XzA0MjcwNTNfMDQ5/OTkxM18wNTE0MDQx/LmpwZw.jpg,2.5217391304347827,3.6956521739130435,1.3478260869565217,6.260869565217392,2.727272727272727,5.695652173913044,5.782608695652174,7.521739130434782,7.3478260869565215,6.869565217391305,0.08695652173913043,1.826086956521739,0.9565217391304348,1,0,1,0.08695652173913043,-0.04347826086956519
https://images.generated.photos/YrGIfOsN-Fx_QfCzcRCvjeS5s6xuzk2AHrGkuYOwx8w/rs:fit:512:512/wm:0.95:sowe:18:18:0.33/Z3M6Ly9nZW5lcmF0/ZWQtcGhvdG9zL3Yz/XzA5MzM3NzEuanBn.jpg,2.6,3.2666666666666666,1.5333333333333334,6.642857142857143,3,4.733333333333333,6.6,6.733333333333333,6.466666666666667,5.6,0.5333333333333333,1.6,0,0,1,1,-0.4666666666666667,0
https://images.generated.photos/yRHS0xakxEkjEbT1BspkPJ0J2-xcrQmdnLv8onlAMq8/rs:fit:512:512/wm:0.95:sowe:18:18:0.33/Z3M6Ly9nZW5lcmF0/ZWQtcGhvdG9zL3Yz/XzAzMzM2NjIuanBn.jpg,2.5,3,1.9090909090909092,6.545454545454546,2.761904761904762,5.909090909090909,7.954545454545454,7,7.409090909090909,6.954545454545454,0.9545454545454546,1.7272727272727273,0.36363636363636365,1,1,0,-0.045454545454545414,-0.6363636363636364
https://images.generated.photos/yy6_SZ7LGcQAYebvRlie_R6fXzp0h-KjXvNpDvLcl8Q/rs:fit:512:512/wm:0.95:sowe:18:18:0.33/Z3M6Ly9nZW5lcmF0/ZWQtcGhvdG9zL3Yz/XzAwNDIyMDMuanBn.jpg,2.48,3.6,1.28,6.2,3,5.12,6.8,7.96,8.12,7,0.16,1.52,0.2,0,1,1,-0.84,0.2
https://images.generated.photos/yYykVjB7GkXJpdDRlZjhUXXRP-VpgCC8_xQXHENhA2E/rs:fit:512:512/wm:0.95:sowe:18:18:0.33/Z3M6Ly9nZW5lcmF0/ZWQtcGhvdG9zL3Yz/XzA3MzA0MDYuanBn.jpg,2.5217391304347827,3.391304347826087,1.434782608695652,6.391304347826087,2.782608695652174,6,7.565217391304348,7.739130434782608,7.608695652173913,7.608695652173913,1,1.9565217391304348,0,0,1,0,0,0
https://images.generated.photos/Z6XFDnp_RFURr7B1N1CuO8M5jtXf5nwPIZG6DyjCQ44/rs:fit:512:512/wm:0.95:sowe:18:18:0.33/Z3M6Ly9nZW5lcmF0/ZWQtcGhvdG9zL3Yz/XzA5MTU4NzUuanBn.jpg,2.6315789473684212,3.1052631578947367,1.4210526315789473,6,2.5555555555555554,5.368421052631579,4.631578947368421,7.421052631578948,7.105263157894737,6.842105263157895,0,1.6842105263157894,0.05263157894736842,0,0,0,0,0.05263157894736842
https://images.generated.photos/zGE7lSRfrwmQ3ZfI5AsZq4hd9I7JhsD3dFQ5iR6x99s/rs:fit:512:512/wm:0.95:sowe:18:18:0.33/Z3M6Ly9nZW5lcmF0/ZWQtcGhvdG9zL3Yz/XzAwNDYyMTUuanBn.jpg,2.4642857142857144,3.25,1.2142857142857142,6.214285714285714,2.75,5.5,8.321428571428571,7.464285714285714,7.464285714285714,6.892857142857143,0.9642857142857143,1.9285714285714286,0.25,0,1,0,-0.0357142857142857,0.25
https://images.generated.photos/ziGvY-83O6iWDlnh75bMEcbmS1LxIhgfUlYVpkEVyGA/rs:fit:512:512/wm:0.95:sowe:18:18:0.33/Z3M6Ly9nZW5lcmF0/ZWQtcGhvdG9zL3Yz/XzAwNzEzMDQuanBn.jpg,2.393939393939394,3.1515151515151514,1.6451612903225807,6.3125,2.8484848484848486,6.242424242424242,7.424242424242424,7.151515151515151,7,5.848484848484849,0.7272727272727273,1.7272727272727273,0.30303030303030304,0,1,1,-0.2727272727272727,0.30303030303030304
https://images.generated.photos/ZJcSmLZZOo37-xbPHY_TJTrsjnSGBBCSX2eI72vrUzM/rs:fit:512:512/wm:0.95:sowe:18:18:0.33/Z3M6Ly9nZW5lcmF0/ZWQtcGhvdG9zL3Yz/XzA4NTAwNjYuanBn.jpg,2.409090909090909,3.1818181818181817,1.5,5.636363636363637,2.772727272727273,5.7727272727272725,7.818181818181818,7.409090909090909,7.454545454545454,7.409090909090909,0.9545454545454546,2,0.7727272727272727,1,1,1,-0.045454545454545414,-0.2272727272727273
https://images.generated.photos/ZsQ3Ww4B9GfM67qVIu3ZbmV5CQi8i0ddv4RAf1ydQUM/rs:fit:512:512/wm:0.95:sowe:18:18:0.33/Z3M6Ly9nZW5lcmF0/ZWQtcGhvdG9zL3Yz/XzA4NzcxNTYuanBn.jpg,2.3823529411764706,3.3823529411764706,1.3529411764705883,6.7272727272727275,2.9705882352941178,5.352941176470588,3.9705882352941178,7.029411764705882,7.147058823529412,7.029411764705882,0,1.8529411764705883,0.7941176470588235,1,0,0,0,-0.20588235294117652
https://images.generated.photos/ZTBn87cVr5K6Bj1B2LMCo1AJuFUd-r6mXX4H6lIs_y8/rs:fit:512:512/wm:0.95:sowe:18:18:0.33/Z3M6Ly9nZW5lcmF0/ZWQtcGhvdG9zL3Yz/XzAwNjQ5MzcuanBn.jpg,2.4313725490196076,3.1372549019607843,1.4,6.72,2.6666666666666665,5.137254901960785,6.764705882352941,7.196078431372549,7.215686274509804,6.352941176470588,0.2549019607843137,1.4901960784313726,0.5098039215686274,1,1,1,-0.7450980392156863,-0.4901960784313726
https://images.generated.photos/zultyhANq6uFfxT3eN-kvy_BQJqzovMv48hPBL7VGic/rs:fit:512:512/wm:0.95:sowe:18:18:0.33/Z3M6Ly9nZW5lcmF0/ZWQtcGhvdG9zL3Yz/XzA0MTgyOTQuanBn.jpg,2.4347826086956523,3.0434782608695654,1.2608695652173914,6.043478260869565,2.5652173913043477,6.043478260869565,6.130434782608695,7.260869565217392,7.173913043478261,6.565217391304348,0.13043478260869565,1.7391304347826086,0.43478260869565216,0,1,1,-0.8695652173913043,0.43478260869565216
https://images.generated.photos/zvBnaz6dBi4x5QuCp-2cZ-fnPEa-91BLvMIP7u2dIdg/rs:fit:512:512/wm:0.95:sowe:18:18:0.33/Z3M6Ly9nZW5lcmF0/ZWQtcGhvdG9zL3Yz/XzAwMjAyODQuanBn.jpg,2.4642857142857144,3.25,1.6071428571428572,6.928571428571429,2.75,5.821428571428571,7.428571428571429,7.428571428571429,7,6.428571428571429,0.9285714285714286,1.7857142857142858,0.03571428571428571,0,1,0,-0.0714285714285714,0.03571428571428571
NA,2,3,1,6,3,5.5,7,7,7,7,0.4,2,0,NaN,NaN,NaN,NaN,NaN
